addr_hex,kind,x_idx,y_idx,z_idx,digital_root,theta_spoke_idx,theta_spoke_rad
0x000,lattice,0,0,0,0,0,0.000000
0x001,lattice,0,0,1,1,0,0.000000
0x002,lattice,0,0,2,2,0,0.000000
0x003,lattice,0,0,3,3,0,0.000000
0x004,lattice,0,0,4,4,0,0.000000
0x005,lattice,0,0,5,5,0,0.000000
0x006,lattice,0,0,6,6,0,0.000000
0x007,lattice,0,0,7,7,0,0.000000
0x000,lattice,0,0,8,0,0,0.000000
0x001,lattice,0,0,9,1,0,0.000000
0x008,lattice,0,1,0,8,0,0.000000
0x009,lattice,0,1,1,9,0,0.000000
0x00A,lattice,0,1,2,1,0,0.000000
0x00B,lattice,0,1,3,2,0,0.000000
0x00C,lattice,0,1,4,3,0,0.000000
0x00D,lattice,0,1,5,4,0,0.000000
0x00E,lattice,0,1,6,5,0,0.000000
0x00F,lattice,0,1,7,6,0,0.000000
0x008,lattice,0,1,8,8,0,0.000000
0x009,lattice,0,1,9,9,0,0.000000
0x010,lattice,0,2,0,7,0,0.000000
0x011,lattice,0,2,1,8,0,0.000000
0x012,lattice,0,2,2,9,0,0.000000
0x013,lattice,0,2,3,1,0,0.000000
0x014,lattice,0,2,4,2,0,0.000000
0x015,lattice,0,2,5,3,0,0.000000
0x016,lattice,0,2,6,4,0,0.000000
0x017,lattice,0,2,7,5,0,0.000000
0x010,lattice,0,2,8,7,0,0.000000
0x011,lattice,0,2,9,8,0,0.000000
0x018,lattice,0,3,0,6,0,0.000000
0x019,lattice,0,3,1,7,0,0.000000
0x01A,lattice,0,3,2,8,0,0.000000
0x01B,lattice,0,3,3,9,0,0.000000
0x01C,lattice,0,3,4,1,0,0.000000
0x01D,lattice,0,3,5,2,0,0.000000
0x01E,lattice,0,3,6,3,0,0.000000
0x01F,lattice,0,3,7,4,0,0.000000
0x018,lattice,0,3,8,6,0,0.000000
0x019,lattice,0,3,9,7,0,0.000000
0x020,lattice,0,4,0,5,0,0.000000
0x021,lattice,0,4,1,6,0,0.000000
0x022,lattice,0,4,2,7,0,0.000000
0x023,lattice,0,4,3,8,0,0.000000
0x024,lattice,0,4,4,9,0,0.000000
0x025,lattice,0,4,5,1,0,0.000000
0x026,lattice,0,4,6,2,0,0.000000
0x027,lattice,0,4,7,3,0,0.000000
0x020,lattice,0,4,8,5,0,0.000000
0x021,lattice,0,4,9,6,0,0.000000
0x028,lattice,0,5,0,4,0,0.000000
0x029,lattice,0,5,1,5,0,0.000000
0x02A,lattice,0,5,2,6,0,0.000000
0x02B,lattice,0,5,3,7,0,0.000000
0x02C,lattice,0,5,4,8,0,0.000000
0x02D,lattice,0,5,5,9,0,0.000000
0x02E,lattice,0,5,6,1,0,0.000000
0x02F,lattice,0,5,7,2,0,0.000000
0x028,lattice,0,5,8,4,0,0.000000
0x029,lattice,0,5,9,5,0,0.000000
0x030,lattice,0,6,0,3,0,0.000000
0x031,lattice,0,6,1,4,0,0.000000
0x032,lattice,0,6,2,5,0,0.000000
0x033,lattice,0,6,3,6,0,0.000000
0x034,lattice,0,6,4,7,0,0.000000
0x035,lattice,0,6,5,8,0,0.000000
0x036,lattice,0,6,6,9,0,0.000000
0x037,lattice,0,6,7,1,0,0.000000
0x030,lattice,0,6,8,3,0,0.000000
0x031,lattice,0,6,9,4,0,0.000000
0x038,lattice,0,7,0,2,0,0.000000
0x039,lattice,0,7,1,3,0,0.000000
0x03A,lattice,0,7,2,4,0,0.000000
0x03B,lattice,0,7,3,5,0,0.000000
0x03C,lattice,0,7,4,6,0,0.000000
0x03D,lattice,0,7,5,7,0,0.000000
0x03E,lattice,0,7,6,8,0,0.000000
0x03F,lattice,0,7,7,9,0,0.000000
0x038,lattice,0,7,8,2,0,0.000000
0x039,lattice,0,7,9,3,0,0.000000
0x000,lattice,0,8,0,0,0,0.000000
0x001,lattice,0,8,1,1,0,0.000000
0x002,lattice,0,8,2,2,0,0.000000
0x003,lattice,0,8,3,3,0,0.000000
0x004,lattice,0,8,4,4,0,0.000000
0x005,lattice,0,8,5,5,0,0.000000
0x006,lattice,0,8,6,6,0,0.000000
0x007,lattice,0,8,7,7,0,0.000000
0x000,lattice,0,8,8,0,0,0.000000
0x001,lattice,0,8,9,1,0,0.000000
0x008,lattice,0,9,0,8,0,0.000000
0x009,lattice,0,9,1,9,0,0.000000
0x00A,lattice,0,9,2,1,0,0.000000
0x00B,lattice,0,9,3,2,0,0.000000
0x00C,lattice,0,9,4,3,0,0.000000
0x00D,lattice,0,9,5,4,0,0.000000
0x00E,lattice,0,9,6,5,0,0.000000
0x00F,lattice,0,9,7,6,0,0.000000
0x008,lattice,0,9,8,8,0,0.000000
0x009,lattice,0,9,9,9,0,0.000000
0x040,lattice,1,0,0,1,4,0.598399
0x041,lattice,1,0,1,2,4,0.598399
0x042,lattice,1,0,2,3,4,0.598399
0x043,lattice,1,0,3,4,4,0.598399
0x044,lattice,1,0,4,5,4,0.598399
0x045,lattice,1,0,5,6,4,0.598399
0x046,lattice,1,0,6,7,4,0.598399
0x047,lattice,1,0,7,8,4,0.598399
0x040,lattice,1,0,8,1,4,0.598399
0x041,lattice,1,0,9,2,4,0.598399
0x048,lattice,1,1,0,9,4,0.598399
0x049,lattice,1,1,1,1,4,0.598399
0x04A,lattice,1,1,2,2,4,0.598399
0x04B,lattice,1,1,3,3,4,0.598399
0x04C,lattice,1,1,4,4,4,0.598399
0x04D,lattice,1,1,5,5,4,0.598399
0x04E,lattice,1,1,6,6,4,0.598399
0x04F,lattice,1,1,7,7,4,0.598399
0x048,lattice,1,1,8,9,4,0.598399
0x049,lattice,1,1,9,1,4,0.598399
0x050,lattice,1,2,0,8,4,0.598399
0x051,lattice,1,2,1,9,4,0.598399
0x052,lattice,1,2,2,1,4,0.598399
0x053,lattice,1,2,3,2,4,0.598399
0x054,lattice,1,2,4,3,4,0.598399
0x055,lattice,1,2,5,4,4,0.598399
0x056,lattice,1,2,6,5,4,0.598399
0x057,lattice,1,2,7,6,4,0.598399
0x050,lattice,1,2,8,8,4,0.598399
0x051,lattice,1,2,9,9,4,0.598399
0x058,lattice,1,3,0,7,4,0.598399
0x059,lattice,1,3,1,8,4,0.598399
0x05A,lattice,1,3,2,9,4,0.598399
0x05B,lattice,1,3,3,1,4,0.598399
0x05C,lattice,1,3,4,2,4,0.598399
0x05D,lattice,1,3,5,3,4,0.598399
0x05E,lattice,1,3,6,4,4,0.598399
0x05F,lattice,1,3,7,5,4,0.598399
0x058,lattice,1,3,8,7,4,0.598399
0x059,lattice,1,3,9,8,4,0.598399
0x060,lattice,1,4,0,6,4,0.598399
0x061,lattice,1,4,1,7,4,0.598399
0x062,lattice,1,4,2,8,4,0.598399
0x063,lattice,1,4,3,9,4,0.598399
0x064,lattice,1,4,4,1,4,0.598399
0x065,lattice,1,4,5,2,4,0.598399
0x066,lattice,1,4,6,3,4,0.598399
0x067,lattice,1,4,7,4,4,0.598399
0x060,lattice,1,4,8,6,4,0.598399
0x061,lattice,1,4,9,7,4,0.598399
0x068,lattice,1,5,0,5,4,0.598399
0x069,lattice,1,5,1,6,4,0.598399
0x06A,lattice,1,5,2,7,4,0.598399
0x06B,lattice,1,5,3,8,4,0.598399
0x06C,lattice,1,5,4,9,4,0.598399
0x06D,lattice,1,5,5,1,4,0.598399
0x06E,lattice,1,5,6,2,4,0.598399
0x06F,lattice,1,5,7,3,4,0.598399
0x068,lattice,1,5,8,5,4,0.598399
0x069,lattice,1,5,9,6,4,0.598399
0x070,lattice,1,6,0,4,4,0.598399
0x071,lattice,1,6,1,5,4,0.598399
0x072,lattice,1,6,2,6,4,0.598399
0x073,lattice,1,6,3,7,4,0.598399
0x074,lattice,1,6,4,8,4,0.598399
0x075,lattice,1,6,5,9,4,0.598399
0x076,lattice,1,6,6,1,4,0.598399
0x077,lattice,1,6,7,2,4,0.598399
0x070,lattice,1,6,8,4,4,0.598399
0x071,lattice,1,6,9,5,4,0.598399
0x078,lattice,1,7,0,3,4,0.598399
0x079,lattice,1,7,1,4,4,0.598399
0x07A,lattice,1,7,2,5,4,0.598399
0x07B,lattice,1,7,3,6,4,0.598399
0x07C,lattice,1,7,4,7,4,0.598399
0x07D,lattice,1,7,5,8,4,0.598399
0x07E,lattice,1,7,6,9,4,0.598399
0x07F,lattice,1,7,7,1,4,0.598399
0x078,lattice,1,7,8,3,4,0.598399
0x079,lattice,1,7,9,4,4,0.598399
0x040,lattice,1,8,0,1,4,0.598399
0x041,lattice,1,8,1,2,4,0.598399
0x042,lattice,1,8,2,3,4,0.598399
0x043,lattice,1,8,3,4,4,0.598399
0x044,lattice,1,8,4,5,4,0.598399
0x045,lattice,1,8,5,6,4,0.598399
0x046,lattice,1,8,6,7,4,0.598399
0x047,lattice,1,8,7,8,4,0.598399
0x040,lattice,1,8,8,1,4,0.598399
0x041,lattice,1,8,9,2,4,0.598399
0x048,lattice,1,9,0,9,4,0.598399
0x049,lattice,1,9,1,1,4,0.598399
0x04A,lattice,1,9,2,2,4,0.598399
0x04B,lattice,1,9,3,3,4,0.598399
0x04C,lattice,1,9,4,4,4,0.598399
0x04D,lattice,1,9,5,5,4,0.598399
0x04E,lattice,1,9,6,6,4,0.598399
0x04F,lattice,1,9,7,7,4,0.598399
0x048,lattice,1,9,8,9,4,0.598399
0x049,lattice,1,9,9,1,4,0.598399
0x080,lattice,2,0,0,2,8,1.196797
0x081,lattice,2,0,1,3,8,1.196797
0x082,lattice,2,0,2,4,8,1.196797
0x083,lattice,2,0,3,5,8,1.196797
0x084,lattice,2,0,4,6,8,1.196797
0x085,lattice,2,0,5,7,8,1.196797
0x086,lattice,2,0,6,8,8,1.196797
0x087,lattice,2,0,7,9,8,1.196797
0x080,lattice,2,0,8,2,8,1.196797
0x081,lattice,2,0,9,3,8,1.196797
0x088,lattice,2,1,0,1,8,1.196797
0x089,lattice,2,1,1,2,8,1.196797
0x08A,lattice,2,1,2,3,8,1.196797
0x08B,lattice,2,1,3,4,8,1.196797
0x08C,lattice,2,1,4,5,8,1.196797
0x08D,lattice,2,1,5,6,8,1.196797
0x08E,lattice,2,1,6,7,8,1.196797
0x08F,lattice,2,1,7,8,8,1.196797
0x088,lattice,2,1,8,1,8,1.196797
0x089,lattice,2,1,9,2,8,1.196797
0x090,lattice,2,2,0,9,8,1.196797
0x091,lattice,2,2,1,1,8,1.196797
0x092,lattice,2,2,2,2,8,1.196797
0x093,lattice,2,2,3,3,8,1.196797
0x094,lattice,2,2,4,4,8,1.196797
0x095,lattice,2,2,5,5,8,1.196797
0x096,lattice,2,2,6,6,8,1.196797
0x097,lattice,2,2,7,7,8,1.196797
0x090,lattice,2,2,8,9,8,1.196797
0x091,lattice,2,2,9,1,8,1.196797
0x098,lattice,2,3,0,8,8,1.196797
0x099,lattice,2,3,1,9,8,1.196797
0x09A,lattice,2,3,2,1,8,1.196797
0x09B,lattice,2,3,3,2,8,1.196797
0x09C,lattice,2,3,4,3,8,1.196797
0x09D,lattice,2,3,5,4,8,1.196797
0x09E,lattice,2,3,6,5,8,1.196797
0x09F,lattice,2,3,7,6,8,1.196797
0x098,lattice,2,3,8,8,8,1.196797
0x099,lattice,2,3,9,9,8,1.196797
0x0A0,lattice,2,4,0,7,8,1.196797
0x0A1,lattice,2,4,1,8,8,1.196797
0x0A2,lattice,2,4,2,9,8,1.196797
0x0A3,lattice,2,4,3,1,8,1.196797
0x0A4,lattice,2,4,4,2,8,1.196797
0x0A5,lattice,2,4,5,3,8,1.196797
0x0A6,lattice,2,4,6,4,8,1.196797
0x0A7,lattice,2,4,7,5,8,1.196797
0x0A0,lattice,2,4,8,7,8,1.196797
0x0A1,lattice,2,4,9,8,8,1.196797
0x0A8,lattice,2,5,0,6,8,1.196797
0x0A9,lattice,2,5,1,7,8,1.196797
0x0AA,lattice,2,5,2,8,8,1.196797
0x0AB,lattice,2,5,3,9,8,1.196797
0x0AC,lattice,2,5,4,1,8,1.196797
0x0AD,lattice,2,5,5,2,8,1.196797
0x0AE,lattice,2,5,6,3,8,1.196797
0x0AF,lattice,2,5,7,4,8,1.196797
0x0A8,lattice,2,5,8,6,8,1.196797
0x0A9,lattice,2,5,9,7,8,1.196797
0x0B0,lattice,2,6,0,5,8,1.196797
0x0B1,lattice,2,6,1,6,8,1.196797
0x0B2,lattice,2,6,2,7,8,1.196797
0x0B3,lattice,2,6,3,8,8,1.196797
0x0B4,lattice,2,6,4,9,8,1.196797
0x0B5,lattice,2,6,5,1,8,1.196797
0x0B6,lattice,2,6,6,2,8,1.196797
0x0B7,lattice,2,6,7,3,8,1.196797
0x0B0,lattice,2,6,8,5,8,1.196797
0x0B1,lattice,2,6,9,6,8,1.196797
0x0B8,lattice,2,7,0,4,8,1.196797
0x0B9,lattice,2,7,1,5,8,1.196797
0x0BA,lattice,2,7,2,6,8,1.196797
0x0BB,lattice,2,7,3,7,8,1.196797
0x0BC,lattice,2,7,4,8,8,1.196797
0x0BD,lattice,2,7,5,9,8,1.196797
0x0BE,lattice,2,7,6,1,8,1.196797
0x0BF,lattice,2,7,7,2,8,1.196797
0x0B8,lattice,2,7,8,4,8,1.196797
0x0B9,lattice,2,7,9,5,8,1.196797
0x080,lattice,2,8,0,2,8,1.196797
0x081,lattice,2,8,1,3,8,1.196797
0x082,lattice,2,8,2,4,8,1.196797
0x083,lattice,2,8,3,5,8,1.196797
0x084,lattice,2,8,4,6,8,1.196797
0x085,lattice,2,8,5,7,8,1.196797
0x086,lattice,2,8,6,8,8,1.196797
0x087,lattice,2,8,7,9,8,1.196797
0x080,lattice,2,8,8,2,8,1.196797
0x081,lattice,2,8,9,3,8,1.196797
0x088,lattice,2,9,0,1,8,1.196797
0x089,lattice,2,9,1,2,8,1.196797
0x08A,lattice,2,9,2,3,8,1.196797
0x08B,lattice,2,9,3,4,8,1.196797
0x08C,lattice,2,9,4,5,8,1.196797
0x08D,lattice,2,9,5,6,8,1.196797
0x08E,lattice,2,9,6,7,8,1.196797
0x08F,lattice,2,9,7,8,8,1.196797
0x088,lattice,2,9,8,1,8,1.196797
0x089,lattice,2,9,9,2,8,1.196797
0x0C0,lattice,3,0,0,3,13,1.944795
0x0C1,lattice,3,0,1,4,13,1.944795
0x0C2,lattice,3,0,2,5,13,1.944795
0x0C3,lattice,3,0,3,6,13,1.944795
0x0C4,lattice,3,0,4,7,13,1.944795
0x0C5,lattice,3,0,5,8,13,1.944795
0x0C6,lattice,3,0,6,9,13,1.944795
0x0C7,lattice,3,0,7,1,13,1.944795
0x0C0,lattice,3,0,8,3,13,1.944795
0x0C1,lattice,3,0,9,4,13,1.944795
0x0C8,lattice,3,1,0,2,13,1.944795
0x0C9,lattice,3,1,1,3,13,1.944795
0x0CA,lattice,3,1,2,4,13,1.944795
0x0CB,lattice,3,1,3,5,13,1.944795
0x0CC,lattice,3,1,4,6,13,1.944795
0x0CD,lattice,3,1,5,7,13,1.944795
0x0CE,lattice,3,1,6,8,13,1.944795
0x0CF,lattice,3,1,7,9,13,1.944795
0x0C8,lattice,3,1,8,2,13,1.944795
0x0C9,lattice,3,1,9,3,13,1.944795
0x0D0,lattice,3,2,0,1,13,1.944795
0x0D1,lattice,3,2,1,2,13,1.944795
0x0D2,lattice,3,2,2,3,13,1.944795
0x0D3,lattice,3,2,3,4,13,1.944795
0x0D4,lattice,3,2,4,5,13,1.944795
0x0D5,lattice,3,2,5,6,13,1.944795
0x0D6,lattice,3,2,6,7,13,1.944795
0x0D7,lattice,3,2,7,8,13,1.944795
0x0D0,lattice,3,2,8,1,13,1.944795
0x0D1,lattice,3,2,9,2,13,1.944795
0x0D8,lattice,3,3,0,9,13,1.944795
0x0D9,lattice,3,3,1,1,13,1.944795
0x0DA,lattice,3,3,2,2,13,1.944795
0x0DB,lattice,3,3,3,3,13,1.944795
0x0DC,lattice,3,3,4,4,13,1.944795
0x0DD,lattice,3,3,5,5,13,1.944795
0x0DE,lattice,3,3,6,6,13,1.944795
0x0DF,lattice,3,3,7,7,13,1.944795
0x0D8,lattice,3,3,8,9,13,1.944795
0x0D9,lattice,3,3,9,1,13,1.944795
0x0E0,lattice,3,4,0,8,13,1.944795
0x0E1,lattice,3,4,1,9,13,1.944795
0x0E2,lattice,3,4,2,1,13,1.944795
0x0E3,lattice,3,4,3,2,13,1.944795
0x0E4,lattice,3,4,4,3,13,1.944795
0x0E5,lattice,3,4,5,4,13,1.944795
0x0E6,lattice,3,4,6,5,13,1.944795
0x0E7,lattice,3,4,7,6,13,1.944795
0x0E0,lattice,3,4,8,8,13,1.944795
0x0E1,lattice,3,4,9,9,13,1.944795
0x0E8,lattice,3,5,0,7,13,1.944795
0x0E9,lattice,3,5,1,8,13,1.944795
0x0EA,lattice,3,5,2,9,13,1.944795
0x0EB,lattice,3,5,3,1,13,1.944795
0x0EC,lattice,3,5,4,2,13,1.944795
0x0ED,lattice,3,5,5,3,13,1.944795
0x0EE,lattice,3,5,6,4,13,1.944795
0x0EF,lattice,3,5,7,5,13,1.944795
0x0E8,lattice,3,5,8,7,13,1.944795
0x0E9,lattice,3,5,9,8,13,1.944795
0x0F0,lattice,3,6,0,6,13,1.944795
0x0F1,lattice,3,6,1,7,13,1.944795
0x0F2,lattice,3,6,2,8,13,1.944795
0x0F3,lattice,3,6,3,9,13,1.944795
0x0F4,lattice,3,6,4,1,13,1.944795
0x0F5,lattice,3,6,5,2,13,1.944795
0x0F6,lattice,3,6,6,3,13,1.944795
0x0F7,lattice,3,6,7,4,13,1.944795
0x0F0,lattice,3,6,8,6,13,1.944795
0x0F1,lattice,3,6,9,7,13,1.944795
0x0F8,lattice,3,7,0,5,13,1.944795
0x0F9,lattice,3,7,1,6,13,1.944795
0x0FA,lattice,3,7,2,7,13,1.944795
0x0FB,lattice,3,7,3,8,13,1.944795
0x0FC,lattice,3,7,4,9,13,1.944795
0x0FD,lattice,3,7,5,1,13,1.944795
0x0FE,lattice,3,7,6,2,13,1.944795
0x0FF,lattice,3,7,7,3,13,1.944795
0x0F8,lattice,3,7,8,5,13,1.944795
0x0F9,lattice,3,7,9,6,13,1.944795
0x0C0,lattice,3,8,0,3,13,1.944795
0x0C1,lattice,3,8,1,4,13,1.944795
0x0C2,lattice,3,8,2,5,13,1.944795
0x0C3,lattice,3,8,3,6,13,1.944795
0x0C4,lattice,3,8,4,7,13,1.944795
0x0C5,lattice,3,8,5,8,13,1.944795
0x0C6,lattice,3,8,6,9,13,1.944795
0x0C7,lattice,3,8,7,1,13,1.944795
0x0C0,lattice,3,8,8,3,13,1.944795
0x0C1,lattice,3,8,9,4,13,1.944795
0x0C8,lattice,3,9,0,2,13,1.944795
0x0C9,lattice,3,9,1,3,13,1.944795
0x0CA,lattice,3,9,2,4,13,1.944795
0x0CB,lattice,3,9,3,5,13,1.944795
0x0CC,lattice,3,9,4,6,13,1.944795
0x0CD,lattice,3,9,5,7,13,1.944795
0x0CE,lattice,3,9,6,8,13,1.944795
0x0CF,lattice,3,9,7,9,13,1.944795
0x0C8,lattice,3,9,8,2,13,1.944795
0x0C9,lattice,3,9,9,3,13,1.944795
0x100,lattice,4,0,0,4,17,2.543194
0x101,lattice,4,0,1,5,17,2.543194
0x102,lattice,4,0,2,6,17,2.543194
0x103,lattice,4,0,3,7,17,2.543194
0x104,lattice,4,0,4,8,17,2.543194
0x105,lattice,4,0,5,9,17,2.543194
0x106,lattice,4,0,6,1,17,2.543194
0x107,lattice,4,0,7,2,17,2.543194
0x100,lattice,4,0,8,4,17,2.543194
0x101,lattice,4,0,9,5,17,2.543194
0x108,lattice,4,1,0,3,17,2.543194
0x109,lattice,4,1,1,4,17,2.543194
0x10A,lattice,4,1,2,5,17,2.543194
0x10B,lattice,4,1,3,6,17,2.543194
0x10C,lattice,4,1,4,7,17,2.543194
0x10D,lattice,4,1,5,8,17,2.543194
0x10E,lattice,4,1,6,9,17,2.543194
0x10F,lattice,4,1,7,1,17,2.543194
0x108,lattice,4,1,8,3,17,2.543194
0x109,lattice,4,1,9,4,17,2.543194
0x110,lattice,4,2,0,2,17,2.543194
0x111,lattice,4,2,1,3,17,2.543194
0x112,lattice,4,2,2,4,17,2.543194
0x113,lattice,4,2,3,5,17,2.543194
0x114,lattice,4,2,4,6,17,2.543194
0x115,lattice,4,2,5,7,17,2.543194
0x116,lattice,4,2,6,8,17,2.543194
0x117,lattice,4,2,7,9,17,2.543194
0x110,lattice,4,2,8,2,17,2.543194
0x111,lattice,4,2,9,3,17,2.543194
0x118,lattice,4,3,0,1,17,2.543194
0x119,lattice,4,3,1,2,17,2.543194
0x11A,lattice,4,3,2,3,17,2.543194
0x11B,lattice,4,3,3,4,17,2.543194
0x11C,lattice,4,3,4,5,17,2.543194
0x11D,lattice,4,3,5,6,17,2.543194
0x11E,lattice,4,3,6,7,17,2.543194
0x11F,lattice,4,3,7,8,17,2.543194
0x118,lattice,4,3,8,1,17,2.543194
0x119,lattice,4,3,9,2,17,2.543194
0x120,lattice,4,4,0,9,17,2.543194
0x121,lattice,4,4,1,1,17,2.543194
0x122,lattice,4,4,2,2,17,2.543194
0x123,lattice,4,4,3,3,17,2.543194
0x124,lattice,4,4,4,4,17,2.543194
0x125,lattice,4,4,5,5,17,2.543194
0x126,lattice,4,4,6,6,17,2.543194
0x127,lattice,4,4,7,7,17,2.543194
0x120,lattice,4,4,8,9,17,2.543194
0x121,lattice,4,4,9,1,17,2.543194
0x128,lattice,4,5,0,8,17,2.543194
0x129,lattice,4,5,1,9,17,2.543194
0x12A,lattice,4,5,2,1,17,2.543194
0x12B,lattice,4,5,3,2,17,2.543194
0x12C,lattice,4,5,4,3,17,2.543194
0x12D,lattice,4,5,5,4,17,2.543194
0x12E,lattice,4,5,6,5,17,2.543194
0x12F,lattice,4,5,7,6,17,2.543194
0x128,lattice,4,5,8,8,17,2.543194
0x129,lattice,4,5,9,9,17,2.543194
0x130,lattice,4,6,0,7,17,2.543194
0x131,lattice,4,6,1,8,17,2.543194
0x132,lattice,4,6,2,9,17,2.543194
0x133,lattice,4,6,3,1,17,2.543194
0x134,lattice,4,6,4,2,17,2.543194
0x135,lattice,4,6,5,3,17,2.543194
0x136,lattice,4,6,6,4,17,2.543194
0x137,lattice,4,6,7,5,17,2.543194
0x130,lattice,4,6,8,7,17,2.543194
0x131,lattice,4,6,9,8,17,2.543194
0x138,lattice,4,7,0,6,17,2.543194
0x139,lattice,4,7,1,7,17,2.543194
0x13A,lattice,4,7,2,8,17,2.543194
0x13B,lattice,4,7,3,9,17,2.543194
0x13C,lattice,4,7,4,1,17,2.543194
0x13D,lattice,4,7,5,2,17,2.543194
0x13E,lattice,4,7,6,3,17,2.543194
0x13F,lattice,4,7,7,4,17,2.543194
0x138,lattice,4,7,8,6,17,2.543194
0x139,lattice,4,7,9,7,17,2.543194
0x100,lattice,4,8,0,4,17,2.543194
0x101,lattice,4,8,1,5,17,2.543194
0x102,lattice,4,8,2,6,17,2.543194
0x103,lattice,4,8,3,7,17,2.543194
0x104,lattice,4,8,4,8,17,2.543194
0x105,lattice,4,8,5,9,17,2.543194
0x106,lattice,4,8,6,1,17,2.543194
0x107,lattice,4,8,7,2,17,2.543194
0x100,lattice,4,8,8,4,17,2.543194
0x101,lattice,4,8,9,5,17,2.543194
0x108,lattice,4,9,0,3,17,2.543194
0x109,lattice,4,9,1,4,17,2.543194
0x10A,lattice,4,9,2,5,17,2.543194
0x10B,lattice,4,9,3,6,17,2.543194
0x10C,lattice,4,9,4,7,17,2.543194
0x10D,lattice,4,9,5,8,17,2.543194
0x10E,lattice,4,9,6,9,17,2.543194
0x10F,lattice,4,9,7,1,17,2.543194
0x108,lattice,4,9,8,3,17,2.543194
0x109,lattice,4,9,9,4,17,2.543194
0x140,lattice,5,0,0,5,21,3.141593
0x141,lattice,5,0,1,6,21,3.141593
0x142,lattice,5,0,2,7,21,3.141593
0x143,lattice,5,0,3,8,21,3.141593
0x144,lattice,5,0,4,9,21,3.141593
0x145,lattice,5,0,5,1,21,3.141593
0x146,lattice,5,0,6,2,21,3.141593
0x147,lattice,5,0,7,3,21,3.141593
0x140,lattice,5,0,8,5,21,3.141593
0x141,lattice,5,0,9,6,21,3.141593
0x148,lattice,5,1,0,4,21,3.141593
0x149,lattice,5,1,1,5,21,3.141593
0x14A,lattice,5,1,2,6,21,3.141593
0x14B,lattice,5,1,3,7,21,3.141593
0x14C,lattice,5,1,4,8,21,3.141593
0x14D,lattice,5,1,5,9,21,3.141593
0x14E,lattice,5,1,6,1,21,3.141593
0x14F,lattice,5,1,7,2,21,3.141593
0x148,lattice,5,1,8,4,21,3.141593
0x149,lattice,5,1,9,5,21,3.141593
0x150,lattice,5,2,0,3,21,3.141593
0x151,lattice,5,2,1,4,21,3.141593
0x152,lattice,5,2,2,5,21,3.141593
0x153,lattice,5,2,3,6,21,3.141593
0x154,lattice,5,2,4,7,21,3.141593
0x155,lattice,5,2,5,8,21,3.141593
0x156,lattice,5,2,6,9,21,3.141593
0x157,lattice,5,2,7,1,21,3.141593
0x150,lattice,5,2,8,3,21,3.141593
0x151,lattice,5,2,9,4,21,3.141593
0x158,lattice,5,3,0,2,21,3.141593
0x159,lattice,5,3,1,3,21,3.141593
0x15A,lattice,5,3,2,4,21,3.141593
0x15B,lattice,5,3,3,5,21,3.141593
0x15C,lattice,5,3,4,6,21,3.141593
0x15D,lattice,5,3,5,7,21,3.141593
0x15E,lattice,5,3,6,8,21,3.141593
0x15F,lattice,5,3,7,9,21,3.141593
0x158,lattice,5,3,8,2,21,3.141593
0x159,lattice,5,3,9,3,21,3.141593
0x160,lattice,5,4,0,1,21,3.141593
0x161,lattice,5,4,1,2,21,3.141593
0x162,lattice,5,4,2,3,21,3.141593
0x163,lattice,5,4,3,4,21,3.141593
0x164,lattice,5,4,4,5,21,3.141593
0x165,lattice,5,4,5,6,21,3.141593
0x166,lattice,5,4,6,7,21,3.141593
0x167,lattice,5,4,7,8,21,3.141593
0x160,lattice,5,4,8,1,21,3.141593
0x161,lattice,5,4,9,2,21,3.141593
0x168,lattice,5,5,0,9,21,3.141593
0x169,lattice,5,5,1,1,21,3.141593
0x16A,lattice,5,5,2,2,21,3.141593
0x16B,lattice,5,5,3,3,21,3.141593
0x16C,lattice,5,5,4,4,21,3.141593
0x16D,lattice,5,5,5,5,21,3.141593
0x16E,lattice,5,5,6,6,21,3.141593
0x16F,lattice,5,5,7,7,21,3.141593
0x168,lattice,5,5,8,9,21,3.141593
0x169,lattice,5,5,9,1,21,3.141593
0x170,lattice,5,6,0,8,21,3.141593
0x171,lattice,5,6,1,9,21,3.141593
0x172,lattice,5,6,2,1,21,3.141593
0x173,lattice,5,6,3,2,21,3.141593
0x174,lattice,5,6,4,3,21,3.141593
0x175,lattice,5,6,5,4,21,3.141593
0x176,lattice,5,6,6,5,21,3.141593
0x177,lattice,5,6,7,6,21,3.141593
0x170,lattice,5,6,8,8,21,3.141593
0x171,lattice,5,6,9,9,21,3.141593
0x178,lattice,5,7,0,7,21,3.141593
0x179,lattice,5,7,1,8,21,3.141593
0x17A,lattice,5,7,2,9,21,3.141593
0x17B,lattice,5,7,3,1,21,3.141593
0x17C,lattice,5,7,4,2,21,3.141593
0x17D,lattice,5,7,5,3,21,3.141593
0x17E,lattice,5,7,6,4,21,3.141593
0x17F,lattice,5,7,7,5,21,3.141593
0x178,lattice,5,7,8,7,21,3.141593
0x179,lattice,5,7,9,8,21,3.141593
0x140,lattice,5,8,0,5,21,3.141593
0x141,lattice,5,8,1,6,21,3.141593
0x142,lattice,5,8,2,7,21,3.141593
0x143,lattice,5,8,3,8,21,3.141593
0x144,lattice,5,8,4,9,21,3.141593
0x145,lattice,5,8,5,1,21,3.141593
0x146,lattice,5,8,6,2,21,3.141593
0x147,lattice,5,8,7,3,21,3.141593
0x140,lattice,5,8,8,5,21,3.141593
0x141,lattice,5,8,9,6,21,3.141593
0x148,lattice,5,9,0,4,21,3.141593
0x149,lattice,5,9,1,5,21,3.141593
0x14A,lattice,5,9,2,6,21,3.141593
0x14B,lattice,5,9,3,7,21,3.141593
0x14C,lattice,5,9,4,8,21,3.141593
0x14D,lattice,5,9,5,9,21,3.141593
0x14E,lattice,5,9,6,1,21,3.141593
0x14F,lattice,5,9,7,2,21,3.141593
0x148,lattice,5,9,8,4,21,3.141593
0x149,lattice,5,9,9,5,21,3.141593
0x180,lattice,6,0,0,6,25,3.739991
0x181,lattice,6,0,1,7,25,3.739991
0x182,lattice,6,0,2,8,25,3.739991
0x183,lattice,6,0,3,9,25,3.739991
0x184,lattice,6,0,4,1,25,3.739991
0x185,lattice,6,0,5,2,25,3.739991
0x186,lattice,6,0,6,3,25,3.739991
0x187,lattice,6,0,7,4,25,3.739991
0x180,lattice,6,0,8,6,25,3.739991
0x181,lattice,6,0,9,7,25,3.739991
0x188,lattice,6,1,0,5,25,3.739991
0x189,lattice,6,1,1,6,25,3.739991
0x18A,lattice,6,1,2,7,25,3.739991
0x18B,lattice,6,1,3,8,25,3.739991
0x18C,lattice,6,1,4,9,25,3.739991
0x18D,lattice,6,1,5,1,25,3.739991
0x18E,lattice,6,1,6,2,25,3.739991
0x18F,lattice,6,1,7,3,25,3.739991
0x188,lattice,6,1,8,5,25,3.739991
0x189,lattice,6,1,9,6,25,3.739991
0x190,lattice,6,2,0,4,25,3.739991
0x191,lattice,6,2,1,5,25,3.739991
0x192,lattice,6,2,2,6,25,3.739991
0x193,lattice,6,2,3,7,25,3.739991
0x194,lattice,6,2,4,8,25,3.739991
0x195,lattice,6,2,5,9,25,3.739991
0x196,lattice,6,2,6,1,25,3.739991
0x197,lattice,6,2,7,2,25,3.739991
0x190,lattice,6,2,8,4,25,3.739991
0x191,lattice,6,2,9,5,25,3.739991
0x198,lattice,6,3,0,3,25,3.739991
0x199,lattice,6,3,1,4,25,3.739991
0x19A,lattice,6,3,2,5,25,3.739991
0x19B,lattice,6,3,3,6,25,3.739991
0x19C,lattice,6,3,4,7,25,3.739991
0x19D,lattice,6,3,5,8,25,3.739991
0x19E,lattice,6,3,6,9,25,3.739991
0x19F,lattice,6,3,7,1,25,3.739991
0x198,lattice,6,3,8,3,25,3.739991
0x199,lattice,6,3,9,4,25,3.739991
0x1A0,lattice,6,4,0,2,25,3.739991
0x1A1,lattice,6,4,1,3,25,3.739991
0x1A2,lattice,6,4,2,4,25,3.739991
0x1A3,lattice,6,4,3,5,25,3.739991
0x1A4,lattice,6,4,4,6,25,3.739991
0x1A5,lattice,6,4,5,7,25,3.739991
0x1A6,lattice,6,4,6,8,25,3.739991
0x1A7,lattice,6,4,7,9,25,3.739991
0x1A0,lattice,6,4,8,2,25,3.739991
0x1A1,lattice,6,4,9,3,25,3.739991
0x1A8,lattice,6,5,0,1,25,3.739991
0x1A9,lattice,6,5,1,2,25,3.739991
0x1AA,lattice,6,5,2,3,25,3.739991
0x1AB,lattice,6,5,3,4,25,3.739991
0x1AC,lattice,6,5,4,5,25,3.739991
0x1AD,lattice,6,5,5,6,25,3.739991
0x1AE,lattice,6,5,6,7,25,3.739991
0x1AF,lattice,6,5,7,8,25,3.739991
0x1A8,lattice,6,5,8,1,25,3.739991
0x1A9,lattice,6,5,9,2,25,3.739991
0x1B0,lattice,6,6,0,9,25,3.739991
0x1B1,lattice,6,6,1,1,25,3.739991
0x1B2,lattice,6,6,2,2,25,3.739991
0x1B3,lattice,6,6,3,3,25,3.739991
0x1B4,lattice,6,6,4,4,25,3.739991
0x1B5,lattice,6,6,5,5,25,3.739991
0x1B6,lattice,6,6,6,6,25,3.739991
0x1B7,lattice,6,6,7,7,25,3.739991
0x1B0,lattice,6,6,8,9,25,3.739991
0x1B1,lattice,6,6,9,1,25,3.739991
0x1B8,lattice,6,7,0,8,25,3.739991
0x1B9,lattice,6,7,1,9,25,3.739991
0x1BA,lattice,6,7,2,1,25,3.739991
0x1BB,lattice,6,7,3,2,25,3.739991
0x1BC,lattice,6,7,4,3,25,3.739991
0x1BD,lattice,6,7,5,4,25,3.739991
0x1BE,lattice,6,7,6,5,25,3.739991
0x1BF,lattice,6,7,7,6,25,3.739991
0x1B8,lattice,6,7,8,8,25,3.739991
0x1B9,lattice,6,7,9,9,25,3.739991
0x180,lattice,6,8,0,6,25,3.739991
0x181,lattice,6,8,1,7,25,3.739991
0x182,lattice,6,8,2,8,25,3.739991
0x183,lattice,6,8,3,9,25,3.739991
0x184,lattice,6,8,4,1,25,3.739991
0x185,lattice,6,8,5,2,25,3.739991
0x186,lattice,6,8,6,3,25,3.739991
0x187,lattice,6,8,7,4,25,3.739991
0x180,lattice,6,8,8,6,25,3.739991
0x181,lattice,6,8,9,7,25,3.739991
0x188,lattice,6,9,0,5,25,3.739991
0x189,lattice,6,9,1,6,25,3.739991
0x18A,lattice,6,9,2,7,25,3.739991
0x18B,lattice,6,9,3,8,25,3.739991
0x18C,lattice,6,9,4,9,25,3.739991
0x18D,lattice,6,9,5,1,25,3.739991
0x18E,lattice,6,9,6,2,25,3.739991
0x18F,lattice,6,9,7,3,25,3.739991
0x188,lattice,6,9,8,5,25,3.739991
0x189,lattice,6,9,9,6,25,3.739991
0x1C0,lattice,7,0,0,7,29,4.338390
0x1C1,lattice,7,0,1,8,29,4.338390
0x1C2,lattice,7,0,2,9,29,4.338390
0x1C3,lattice,7,0,3,1,29,4.338390
0x1C4,lattice,7,0,4,2,29,4.338390
0x1C5,lattice,7,0,5,3,29,4.338390
0x1C6,lattice,7,0,6,4,29,4.338390
0x1C7,lattice,7,0,7,5,29,4.338390
0x1C0,lattice,7,0,8,7,29,4.338390
0x1C1,lattice,7,0,9,8,29,4.338390
0x1C8,lattice,7,1,0,6,29,4.338390
0x1C9,lattice,7,1,1,7,29,4.338390
0x1CA,lattice,7,1,2,8,29,4.338390
0x1CB,lattice,7,1,3,9,29,4.338390
0x1CC,lattice,7,1,4,1,29,4.338390
0x1CD,lattice,7,1,5,2,29,4.338390
0x1CE,lattice,7,1,6,3,29,4.338390
0x1CF,lattice,7,1,7,4,29,4.338390
0x1C8,lattice,7,1,8,6,29,4.338390
0x1C9,lattice,7,1,9,7,29,4.338390
0x1D0,lattice,7,2,0,5,29,4.338390
0x1D1,lattice,7,2,1,6,29,4.338390
0x1D2,lattice,7,2,2,7,29,4.338390
0x1D3,lattice,7,2,3,8,29,4.338390
0x1D4,lattice,7,2,4,9,29,4.338390
0x1D5,lattice,7,2,5,1,29,4.338390
0x1D6,lattice,7,2,6,2,29,4.338390
0x1D7,lattice,7,2,7,3,29,4.338390
0x1D0,lattice,7,2,8,5,29,4.338390
0x1D1,lattice,7,2,9,6,29,4.338390
0x1D8,lattice,7,3,0,4,29,4.338390
0x1D9,lattice,7,3,1,5,29,4.338390
0x1DA,lattice,7,3,2,6,29,4.338390
0x1DB,lattice,7,3,3,7,29,4.338390
0x1DC,lattice,7,3,4,8,29,4.338390
0x1DD,lattice,7,3,5,9,29,4.338390
0x1DE,lattice,7,3,6,1,29,4.338390
0x1DF,lattice,7,3,7,2,29,4.338390
0x1D8,lattice,7,3,8,4,29,4.338390
0x1D9,lattice,7,3,9,5,29,4.338390
0x1E0,lattice,7,4,0,3,29,4.338390
0x1E1,lattice,7,4,1,4,29,4.338390
0x1E2,lattice,7,4,2,5,29,4.338390
0x1E3,lattice,7,4,3,6,29,4.338390
0x1E4,lattice,7,4,4,7,29,4.338390
0x1E5,lattice,7,4,5,8,29,4.338390
0x1E6,lattice,7,4,6,9,29,4.338390
0x1E7,lattice,7,4,7,1,29,4.338390
0x1E0,lattice,7,4,8,3,29,4.338390
0x1E1,lattice,7,4,9,4,29,4.338390
0x1E8,lattice,7,5,0,2,29,4.338390
0x1E9,lattice,7,5,1,3,29,4.338390
0x1EA,lattice,7,5,2,4,29,4.338390
0x1EB,lattice,7,5,3,5,29,4.338390
0x1EC,lattice,7,5,4,6,29,4.338390
0x1ED,lattice,7,5,5,7,29,4.338390
0x1EE,lattice,7,5,6,8,29,4.338390
0x1EF,lattice,7,5,7,9,29,4.338390
0x1E8,lattice,7,5,8,2,29,4.338390
0x1E9,lattice,7,5,9,3,29,4.338390
0x1F0,lattice,7,6,0,1,29,4.338390
0x1F1,lattice,7,6,1,2,29,4.338390
0x1F2,lattice,7,6,2,3,29,4.338390
0x1F3,lattice,7,6,3,4,29,4.338390
0x1F4,lattice,7,6,4,5,29,4.338390
0x1F5,lattice,7,6,5,6,29,4.338390
0x1F6,lattice,7,6,6,7,29,4.338390
0x1F7,lattice,7,6,7,8,29,4.338390
0x1F0,lattice,7,6,8,1,29,4.338390
0x1F1,lattice,7,6,9,2,29,4.338390
0x1F8,lattice,7,7,0,9,29,4.338390
0x1F9,lattice,7,7,1,1,29,4.338390
0x1FA,lattice,7,7,2,2,29,4.338390
0x1FB,lattice,7,7,3,3,29,4.338390
0x1FC,lattice,7,7,4,4,29,4.338390
0x1FD,lattice,7,7,5,5,29,4.338390
0x1FE,lattice,7,7,6,6,29,4.338390
0x1FF,lattice,7,7,7,7,29,4.338390
0x1F8,lattice,7,7,8,9,29,4.338390
0x1F9,lattice,7,7,9,1,29,4.338390
0x1C0,lattice,7,8,0,7,29,4.338390
0x1C1,lattice,7,8,1,8,29,4.338390
0x1C2,lattice,7,8,2,9,29,4.338390
0x1C3,lattice,7,8,3,1,29,4.338390
0x1C4,lattice,7,8,4,2,29,4.338390
0x1C5,lattice,7,8,5,3,29,4.338390
0x1C6,lattice,7,8,6,4,29,4.338390
0x1C7,lattice,7,8,7,5,29,4.338390
0x1C0,lattice,7,8,8,7,29,4.338390
0x1C1,lattice,7,8,9,8,29,4.338390
0x1C8,lattice,7,9,0,6,29,4.338390
0x1C9,lattice,7,9,1,7,29,4.338390
0x1CA,lattice,7,9,2,8,29,4.338390
0x1CB,lattice,7,9,3,9,29,4.338390
0x1CC,lattice,7,9,4,1,29,4.338390
0x1CD,lattice,7,9,5,2,29,4.338390
0x1CE,lattice,7,9,6,3,29,4.338390
0x1CF,lattice,7,9,7,4,29,4.338390
0x1C8,lattice,7,9,8,6,29,4.338390
0x1C9,lattice,7,9,9,7,29,4.338390
0x200,lattice,8,0,0,8,34,5.086388
0x201,lattice,8,0,1,9,34,5.086388
0x202,lattice,8,0,2,1,34,5.086388
0x203,lattice,8,0,3,2,34,5.086388
0x204,lattice,8,0,4,3,34,5.086388
0x205,lattice,8,0,5,4,34,5.086388
0x206,lattice,8,0,6,5,34,5.086388
0x207,lattice,8,0,7,6,34,5.086388
0x200,lattice,8,0,8,8,34,5.086388
0x201,lattice,8,0,9,9,34,5.086388
0x208,lattice,8,1,0,7,34,5.086388
0x209,lattice,8,1,1,8,34,5.086388
0x20A,lattice,8,1,2,9,34,5.086388
0x20B,lattice,8,1,3,1,34,5.086388
0x20C,lattice,8,1,4,2,34,5.086388
0x20D,lattice,8,1,5,3,34,5.086388
0x20E,lattice,8,1,6,4,34,5.086388
0x20F,lattice,8,1,7,5,34,5.086388
0x208,lattice,8,1,8,7,34,5.086388
0x209,lattice,8,1,9,8,34,5.086388
0x210,lattice,8,2,0,6,34,5.086388
0x211,lattice,8,2,1,7,34,5.086388
0x212,lattice,8,2,2,8,34,5.086388
0x213,lattice,8,2,3,9,34,5.086388
0x214,lattice,8,2,4,1,34,5.086388
0x215,lattice,8,2,5,2,34,5.086388
0x216,lattice,8,2,6,3,34,5.086388
0x217,lattice,8,2,7,4,34,5.086388
0x210,lattice,8,2,8,6,34,5.086388
0x211,lattice,8,2,9,7,34,5.086388
0x218,lattice,8,3,0,5,34,5.086388
0x219,lattice,8,3,1,6,34,5.086388
0x21A,lattice,8,3,2,7,34,5.086388
0x21B,lattice,8,3,3,8,34,5.086388
0x21C,lattice,8,3,4,9,34,5.086388
0x21D,lattice,8,3,5,1,34,5.086388
0x21E,lattice,8,3,6,2,34,5.086388
0x21F,lattice,8,3,7,3,34,5.086388
0x218,lattice,8,3,8,5,34,5.086388
0x219,lattice,8,3,9,6,34,5.086388
0x220,lattice,8,4,0,4,34,5.086388
0x221,lattice,8,4,1,5,34,5.086388
0x222,lattice,8,4,2,6,34,5.086388
0x223,lattice,8,4,3,7,34,5.086388
0x224,lattice,8,4,4,8,34,5.086388
0x225,lattice,8,4,5,9,34,5.086388
0x226,lattice,8,4,6,1,34,5.086388
0x227,lattice,8,4,7,2,34,5.086388
0x220,lattice,8,4,8,4,34,5.086388
0x221,lattice,8,4,9,5,34,5.086388
0x228,lattice,8,5,0,3,34,5.086388
0x229,lattice,8,5,1,4,34,5.086388
0x22A,lattice,8,5,2,5,34,5.086388
0x22B,lattice,8,5,3,6,34,5.086388
0x22C,lattice,8,5,4,7,34,5.086388
0x22D,lattice,8,5,5,8,34,5.086388
0x22E,lattice,8,5,6,9,34,5.086388
0x22F,lattice,8,5,7,1,34,5.086388
0x228,lattice,8,5,8,3,34,5.086388
0x229,lattice,8,5,9,4,34,5.086388
0x230,lattice,8,6,0,2,34,5.086388
0x231,lattice,8,6,1,3,34,5.086388
0x232,lattice,8,6,2,4,34,5.086388
0x233,lattice,8,6,3,5,34,5.086388
0x234,lattice,8,6,4,6,34,5.086388
0x235,lattice,8,6,5,7,34,5.086388
0x236,lattice,8,6,6,8,34,5.086388
0x237,lattice,8,6,7,9,34,5.086388
0x230,lattice,8,6,8,2,34,5.086388
0x231,lattice,8,6,9,3,34,5.086388
0x238,lattice,8,7,0,1,34,5.086388
0x239,lattice,8,7,1,2,34,5.086388
0x23A,lattice,8,7,2,3,34,5.086388
0x23B,lattice,8,7,3,4,34,5.086388
0x23C,lattice,8,7,4,5,34,5.086388
0x23D,lattice,8,7,5,6,34,5.086388
0x23E,lattice,8,7,6,7,34,5.086388
0x23F,lattice,8,7,7,8,34,5.086388
0x238,lattice,8,7,8,1,34,5.086388
0x239,lattice,8,7,9,2,34,5.086388
0x200,lattice,8,8,0,8,34,5.086388
0x201,lattice,8,8,1,9,34,5.086388
0x202,lattice,8,8,2,1,34,5.086388
0x203,lattice,8,8,3,2,34,5.086388
0x204,lattice,8,8,4,3,34,5.086388
0x205,lattice,8,8,5,4,34,5.086388
0x206,lattice,8,8,6,5,34,5.086388
0x207,lattice,8,8,7,6,34,5.086388
0x200,lattice,8,8,8,8,34,5.086388
0x201,lattice,8,8,9,9,34,5.086388
0x208,lattice,8,9,0,7,34,5.086388
0x209,lattice,8,9,1,8,34,5.086388
0x20A,lattice,8,9,2,9,34,5.086388
0x20B,lattice,8,9,3,1,34,5.086388
0x20C,lattice,8,9,4,2,34,5.086388
0x20D,lattice,8,9,5,3,34,5.086388
0x20E,lattice,8,9,6,4,34,5.086388
0x20F,lattice,8,9,7,5,34,5.086388
0x208,lattice,8,9,8,7,34,5.086388
0x209,lattice,8,9,9,8,34,5.086388
0x240,lattice,9,0,0,9,38,5.684787
0x241,lattice,9,0,1,1,38,5.684787
0x242,lattice,9,0,2,2,38,5.684787
0x243,lattice,9,0,3,3,38,5.684787
0x244,lattice,9,0,4,4,38,5.684787
0x245,lattice,9,0,5,5,38,5.684787
0x246,lattice,9,0,6,6,38,5.684787
0x247,lattice,9,0,7,7,38,5.684787
0x240,lattice,9,0,8,9,38,5.684787
0x241,lattice,9,0,9,1,38,5.684787
0x248,lattice,9,1,0,8,38,5.684787
0x249,lattice,9,1,1,9,38,5.684787
0x24A,lattice,9,1,2,1,38,5.684787
0x24B,lattice,9,1,3,2,38,5.684787
0x24C,lattice,9,1,4,3,38,5.684787
0x24D,lattice,9,1,5,4,38,5.684787
0x24E,lattice,9,1,6,5,38,5.684787
0x24F,lattice,9,1,7,6,38,5.684787
0x248,lattice,9,1,8,8,38,5.684787
0x249,lattice,9,1,9,9,38,5.684787
0x250,lattice,9,2,0,7,38,5.684787
0x251,lattice,9,2,1,8,38,5.684787
0x252,lattice,9,2,2,9,38,5.684787
0x253,lattice,9,2,3,1,38,5.684787
0x254,lattice,9,2,4,2,38,5.684787
0x255,lattice,9,2,5,3,38,5.684787
0x256,lattice,9,2,6,4,38,5.684787
0x257,lattice,9,2,7,5,38,5.684787
0x250,lattice,9,2,8,7,38,5.684787
0x251,lattice,9,2,9,8,38,5.684787
0x258,lattice,9,3,0,6,38,5.684787
0x259,lattice,9,3,1,7,38,5.684787
0x25A,lattice,9,3,2,8,38,5.684787
0x25B,lattice,9,3,3,9,38,5.684787
0x25C,lattice,9,3,4,1,38,5.684787
0x25D,lattice,9,3,5,2,38,5.684787
0x25E,lattice,9,3,6,3,38,5.684787
0x25F,lattice,9,3,7,4,38,5.684787
0x258,lattice,9,3,8,6,38,5.684787
0x259,lattice,9,3,9,7,38,5.684787
0x260,lattice,9,4,0,5,38,5.684787
0x261,lattice,9,4,1,6,38,5.684787
0x262,lattice,9,4,2,7,38,5.684787
0x263,lattice,9,4,3,8,38,5.684787
0x264,lattice,9,4,4,9,38,5.684787
0x265,lattice,9,4,5,1,38,5.684787
0x266,lattice,9,4,6,2,38,5.684787
0x267,lattice,9,4,7,3,38,5.684787
0x260,lattice,9,4,8,5,38,5.684787
0x261,lattice,9,4,9,6,38,5.684787
0x268,lattice,9,5,0,4,38,5.684787
0x269,lattice,9,5,1,5,38,5.684787
0x26A,lattice,9,5,2,6,38,5.684787
0x26B,lattice,9,5,3,7,38,5.684787
0x26C,lattice,9,5,4,8,38,5.684787
0x26D,lattice,9,5,5,9,38,5.684787
0x26E,lattice,9,5,6,1,38,5.684787
0x26F,lattice,9,5,7,2,38,5.684787
0x268,lattice,9,5,8,4,38,5.684787
0x269,lattice,9,5,9,5,38,5.684787
0x270,lattice,9,6,0,3,38,5.684787
0x271,lattice,9,6,1,4,38,5.684787
0x272,lattice,9,6,2,5,38,5.684787
0x273,lattice,9,6,3,6,38,5.684787
0x274,lattice,9,6,4,7,38,5.684787
0x275,lattice,9,6,5,8,38,5.684787
0x276,lattice,9,6,6,9,38,5.684787
0x277,lattice,9,6,7,1,38,5.684787
0x270,lattice,9,6,8,3,38,5.684787
0x271,lattice,9,6,9,4,38,5.684787
0x278,lattice,9,7,0,2,38,5.684787
0x279,lattice,9,7,1,3,38,5.684787
0x27A,lattice,9,7,2,4,38,5.684787
0x27B,lattice,9,7,3,5,38,5.684787
0x27C,lattice,9,7,4,6,38,5.684787
0x27D,lattice,9,7,5,7,38,5.684787
0x27E,lattice,9,7,6,8,38,5.684787
0x27F,lattice,9,7,7,9,38,5.684787
0x278,lattice,9,7,8,2,38,5.684787
0x279,lattice,9,7,9,3,38,5.684787
0x240,lattice,9,8,0,9,38,5.684787
0x241,lattice,9,8,1,1,38,5.684787
0x242,lattice,9,8,2,2,38,5.684787
0x243,lattice,9,8,3,3,38,5.684787
0x244,lattice,9,8,4,4,38,5.684787
0x245,lattice,9,8,5,5,38,5.684787
0x246,lattice,9,8,6,6,38,5.684787
0x247,lattice,9,8,7,7,38,5.684787
0x240,lattice,9,8,8,9,38,5.684787
0x241,lattice,9,8,9,1,38,5.684787
0x248,lattice,9,9,0,8,38,5.684787
0x249,lattice,9,9,1,9,38,5.684787
0x24A,lattice,9,9,2,1,38,5.684787
0x24B,lattice,9,9,3,2,38,5.684787
0x24C,lattice,9,9,4,3,38,5.684787
0x24D,lattice,9,9,5,4,38,5.684787
0x24E,lattice,9,9,6,5,38,5.684787
0x24F,lattice,9,9,7,6,38,5.684787
0x248,lattice,9,9,8,8,38,5.684787
0x249,lattice,9,9,9,9,38,5.684787
0x400,hidden_fractal,-1,-1,-1,-,-,-
0x401,hidden_fractal,-1,-1,-1,-,-,-
0x402,hidden_fractal,-1,-1,-1,-,-,-
0x403,hidden_fractal,-1,-1,-1,-,-,-
0x404,hidden_fractal,-1,-1,-1,-,-,-
0x405,hidden_fractal,-1,-1,-1,-,-,-
0x406,hidden_fractal,-1,-1,-1,-,-,-
0x407,hidden_fractal,-1,-1,-1,-,-,-
0x440,parity,-2,-2,-2,-,-,-
0x441,parity,-2,-2,-2,-,-,-
0x442,parity,-2,-2,-2,-,-,-
0x443,parity,-2,-2,-2,-,-,-
0x444,parity,-2,-2,-2,-,-,-
0x445,parity,-2,-2,-2,-,-,-
0x446,parity,-2,-2,-2,-,-,-
0x447,parity,-2,-2,-2,-,-,-
0x448,parity,-2,-2,-2,-,-,-
0x449,parity,-2,-2,-2,-,-,-
0x44A,parity,-2,-2,-2,-,-,-
0x44B,parity,-2,-2,-2,-,-,-
0x44C,parity,-2,-2,-2,-,-,-
0x44D,parity,-2,-2,-2,-,-,-
0x44E,parity,-2,-2,-2,-,-,-
0x44F,parity,-2,-2,-2,-,-,-
