t_norm_0_1,coherence_baseline,coherence_omega,entropy_baseline,entropy_omega
0.0,0.06664,0.281605,0.9230466666666667,0.6773769047619048
0.0011904761904761906,0.06664046606247924,0.2816073170243003,0.923126,0.6776924285714286
0.002380952380952381,0.06664186422384084,0.28161426796756406,0.9232053333333333,0.6780079523809524
0.0035714285714285718,0.06664419440585784,0.2816258524408869,0.9232846666666666,0.6783234761904763
0.004761904761904762,0.06664745647815684,0.28164206979611883,0.923364,0.678639
0.005952380952380953,0.06665165025822528,0.28166291912590086,0.9234433333333334,0.6789545238095238
0.0071428571428571435,0.0666567755114217,0.2816883992637156,0.9235226666666667,0.6792700476190476
0.008333333333333335,0.06666283195098881,0.28171850878395244,0.923602,0.6795855714285715
0.009523809523809525,0.06666981923806954,0.2817532460019873,0.9236813333333334,0.6799010952380953
0.010714285714285714,0.06667773698172605,0.28179260897427727,0.9237606666666667,0.6802166190476191
0.011904761904761906,0.06668658473896154,0.28183659549846873,0.92384,0.6805321428571429
0.013095238095238097,0.0666963620147451,0.2818852031135211,0.9239193333333333,0.6808476666666667
0.014285714285714287,0.06670706826203932,0.2819384290998443,0.9239986666666666,0.6811631904761906
0.015476190476190477,0.066718702881831,0.2819962704794509,0.924078,0.6814787142857144
0.01666666666666667,0.06673126522316457,0.28205872401612275,0.9241573333333333,0.6817942380952382
0.01785714285714286,0.06674475458317858,0.28212578621559214,0.9242366666666667,0.682109761904762
0.01904761904761905,0.06675917020714499,0.28219745332573726,0.924316,0.6824252857142857
0.02023809523809524,0.0667745112885114,0.2822737213367921,0.9243953333333333,0.6827408095238096
0.02142857142857143,0.06679077696894621,0.28235458598157076,0.9244746666666667,0.6830563333333334
0.022619047619047622,0.06680796633838657,0.2824400427357063,0.924554,0.6833718571428572
0.02380952380952381,0.06682607843508936,0.2825300868179037,0.9246333333333333,0.683687380952381
0.025,0.06684511224568501,0.2826247131902077,0.9247126666666666,0.6840029047619048
0.026190476190476195,0.06686506670523414,0.2827239165582843,0.9247920000000001,0.6843184285714285
0.027380952380952384,0.06688594069728718,0.2828276913717173,0.9248713333333334,0.6846339523809524
0.028571428571428574,0.06690773305394683,0.2829360318243185,0.9249506666666667,0.6849494761904762
0.029761904761904764,0.06693044255593342,0.28304893185445285,0.93336,0.718395
0.030952380952380953,0.06695406793265309,0.2831663851453776,0.9333595339375208,0.7183926829756997
0.03214285714285715,0.0669786078622689,0.2832883851255955,0.9333581357761591,0.7183857320324359
0.03333333333333334,0.0670040609717748,0.28341492496922255,0.9333558055941422,0.7183741475591131
0.034523809523809526,0.06703042583707243,0.28354599759636995,0.9333525435218432,0.7183579302038812
0.03571428571428572,0.06705770098305082,0.28368159567354045,0.9333483497417747,0.7183370808740992
0.036904761904761905,0.06708588488366889,0.2838217116140381,0.9333432244885783,0.7183116007362844
0.0380952380952381,0.06711497596204083,0.28396633757839324,0.9333371680490112,0.7182814912160476
0.03928571428571429,0.0671449725905244,0.2841154654748009,0.9333301807619304,0.7182467539980126
0.04047619047619048,0.0671758730908119,0.28426908695957354,0.9333222630182739,0.7182073910257227
0.04166666666666667,0.06720767573402413,0.2844271934376079,0.9333134152610385,0.7181634045015313
0.04285714285714286,0.06724037874080709,0.28458977606286595,0.9333036379852548,0.718114796886479
0.04404761904761905,0.06727398028143156,0.2847568257388696,0.9332929317379607,0.7180615709001557
0.045238095238095244,0.06730847847589547,0.2849283331192102,0.933281297118169,0.718003729520549
0.04642857142857143,0.06734387139402906,0.2851042886080706,0.9332687347768355,0.7179412759838772
0.04761904761904762,0.0673801570556029,0.2852846823607629,0.9332552454168215,0.7178742137844079
0.048809523809523817,0.06741733343043867,0.28546950428427864,0.933240829792855,0.7178025466742628
0.05,0.06745539843852275,0.28565874403785385,0.9332254887114886,0.7177262786632079
0.051190476190476196,0.0674943499501226,0.28585239103354765,0.9332092230310538,0.7176454140184292
0.05238095238095239,0.06753418578590593,0.2860504344368342,0.9331920336616134,0.7175599572642937
0.053571428571428575,0.06757490371706261,0.28625286316720944,0.9331739215649106,0.7174699131820963
0.05476190476190477,0.06761650146542936,0.28645966589881067,0.933154887754315,0.7173752868097922
0.055952380952380955,0.06765897670361727,0.28667083106105046,0.9331349332947658,0.7172760834417157
0.05714285714285715,0.06770232705514198,0.28688634683926373,0.9331140593027129,0.7171723086282826
0.05833333333333334,0.06774655009455663,0.2871062011753693,0.9330922669460532,0.7170639681756815
0.05952380952380953,0.06779164334758755,0.28733038176854375,0.9330695574440666,0.7169510681455471
0.06071428571428572,0.06783760429127281,0.2875588760759106,0.9330459320673469,0.7168336148546224
0.06190476190476191,0.06788443035410321,0.2877916713132412,0.933021392137731,0.7167116148744045
0.06309523809523811,0.0679321189161663,0.2880287544556706,0.9329959390282252,0.7165850750307774
0.0642857142857143,0.06798066730929284,0.2882701122384261,0.9329695741629276,0.7164540024036301
0.06547619047619048,0.0680300728172062,0.2885157311575692,0.9329422990169491,0.7163184043264595
0.06666666666666668,0.06808033267567427,0.2887655974707516,0.9329141151163312,0.716178288385962
0.06785714285714287,0.06813144407266414,0.28901969719798354,0.9328850240379591,0.7160336624216068
0.06904761904761905,0.06818340414849937,0.28927801612241655,0.9328550274094756,0.7158845345251992
0.07023809523809524,0.06823620999602013,0.2895405397911385,0.9328241269091881,0.7157309130404265
0.07142857142857144,0.0682898586607457,0.28980725351598213,0.9327923242659759,0.7155728065623921
0.07261904761904762,0.06834434714103986,0.2900781423743473,0.9327596212591929,0.715410223937134
0.07380952380952381,0.06839967238827882,0.2903531912100356,0.9327260197185685,0.7152431742611304
0.07500000000000001,0.06845583130702179,0.2906323846340984,0.9326915215241045,0.7150716668807898
0.0761904761904762,0.06851282075518413,0.2909157070256978,0.9326561286059709,0.7148957113919294
0.07738095238095238,0.0685706375442132,0.2912031425329807,0.9326198429443971,0.7147153176392371
0.07857142857142858,0.06862927843926675,0.29149467507396565,0.9325826665695613,0.7145304957157214
0.07976190476190477,0.06868874015939387,0.29179028833744275,0.9325446015614772,0.7143412559621461
0.08095238095238096,0.06874901937771861,0.2920899657838862,0.9325056500498774,0.7141476089664524
0.08214285714285716,0.06881011272162611,0.29239369064637954,0.932465814214094,0.7139495655631658
0.08333333333333334,0.06887201677295125,0.29270144593155384,0.9324250962829373,0.7137471368327906
0.08452380952380953,0.06893472806816994,0.29301321442053874,0.9323834985345707,0.7135403341011893
0.08571428571428572,0.06899824309859291,0.2933289786699254,0.9323410232963827,0.7133291689389496
0.08690476190476192,0.06906255831056198,0.29364872101274286,0.932297672944858,0.7131136531607363
0.0880952380952381,0.06912767010564892,0.2939724235594461,0.9322534499054433,0.7128937988246307
0.08928571428571429,0.0691935748408568,0.29430006819891735,0.9322083566524124,0.7126696182314562
0.09047619047619049,0.0692602688288237,0.29463163659947916,0.9321623957087272,0.7124411239240894
0.09166666666666667,0.06932774833802924,0.2949671102099202,0.9321155696458968,0.7122083286867589
0.09285714285714286,0.0693960095930031,0.2953064702605331,0.9320678810838336,0.7119712455443294
0.09404761904761906,0.06946504877453644,0.2956496977641645,0.9320193326907071,0.7117298877615739
0.09523809523809525,0.06953486201989552,0.2959967735172777,0.9319699271827938,0.7114842688424308
0.09642857142857143,0.06960544542303783,0.2963476781010268,0.9319196673243257,0.7112344025292484
0.09761904761904763,0.06967679503483058,0.29670239188234343,0.9318685559273359,0.7109803028020165
0.09880952380952382,0.06974890686327176,0.29706089501503496,0.9318165958515007,0.7107219838775835
0.1,0.06982177687371338,0.297423167440895,0.9317637900039799,0.7104594602088615
0.1011904761904762,0.06989540098908731,0.2977891888908257,0.9317101413392543,0.7101927464840179
0.10238095238095239,0.0699697750901333,0.2981589388859718,0.9316556528589601,0.7099218576256527
0.10357142857142858,0.07004489501562954,0.29853239673886645,0.9316003276117212,0.7096468087899643
0.10476190476190478,0.07012075656262536,0.29890954155458854,0.9315441686929782,0.7093676153659016
0.10595238095238096,0.07019735548667652,0.29929035223193173,0.9314871792448158,0.7090842929743022
0.10714285714285715,0.07027468750208263,0.2996748074645854,0.9314293624557868,0.7087968574670194
0.10833333333333334,0.07035274828212687,0.30006288574232637,0.9313707215607332,0.7085053249260344
0.10952380952380954,0.07043153345931817,0.30045456535222254,0.9313112598406061,0.7082097116625572
0.11071428571428572,0.07051103862563553,0.3008498243798477,0.9312509806222814,0.7079100342161138
0.11190476190476191,0.07059125933277464,0.3012486407105078,0.9311898872783739,0.7076063093536205
0.11309523809523811,0.07067219109239675,0.30165099203047785,0.9311279832270487,0.7072985540684462
0.1142857142857143,0.07075382937637985,0.3020568558282509,0.9310652719318301,0.7069867855794613
0.11547619047619048,0.07083616961707193,0.3024662093957972,0.9310017569014071,0.7066710213300746
0.11666666666666668,0.07091920720754662,0.30287902982983483,0.930937441689438,0.7063512789872571
0.11785714285714287,0.07100293750186092,0.303295294033111,0.9308723298943511,0.7060275764405539
0.11904761904761905,0.0710873558153151,0.30371497871569464,0.9308064251591432,0.7056999318010826
0.12023809523809526,0.07117245742471488,0.3041380603962791,0.9307397311711763,0.7053683634005208
0.12142857142857144,0.07125823756863567,0.30456451540349627,0.9306722516619708,0.7050328897900797
0.12261904761904763,0.07134469144768887,0.30499431987724074,0.9306039904069969,0.704693529739467
0.12380952380952381,0.0714318142247906,0.3054274497700048,0.9305349512254636,0.7043503022358355
0.125,0.07151960102543212,0.3058638808482242,0.9304651379801044,0.7040032264827223
0.12619047619047621,0.07160804693795271,0.3063035886936334,0.9303945545769622,0.7036523218989732
0.1273809523809524,0.07169714701381438,0.3067465487046324,0.9303232049651694,0.7032976081176565
0.1285714285714286,0.07178689626787883,0.3071927360976629,0.9302510931367283,0.702939104984965
0.12976190476190477,0.07187728967868628,0.3076421259085949,0.9301782231262866,0.7025768325591051
0.13095238095238096,0.07196832218873649,0.30809469299412356,0.9301045990109127,0.7022108111091743
0.13214285714285715,0.07205998870477165,0.3085504120331759,0.9300302249098666,0.7018410611140282
0.13333333333333336,0.07215228409806142,0.30900925752832753,0.9299551049843705,0.7014676032611336
0.13452380952380955,0.07224520320468988,0.30947120380722926,0.9298792434373746,0.7010904584454114
0.13571428571428573,0.07233874082584439,0.3099362250240433,0.9298026445133235,0.7007096477680683
0.13690476190476192,0.0724328917281065,0.3104042951608896,0.9297253124979173,0.7003251925354146
0.1380952380952381,0.07252765064374478,0.31087538802930137,0.9296472517178731,0.6999371142576736
0.1392857142857143,0.0726230122710095,0.3113494772716904,0.9295684665406818,0.6995454346477774
0.14047619047619048,0.0727189712744293,0.31182653636282154,0.9294889613743644,0.6991501756201524
0.1416666666666667,0.07281552228510971,0.3123065386112972,0.9294087406672253,0.6987513592894923
0.14285714285714288,0.0729126599010335,0.3127894571610504,0.9293278089076032,0.6983490079695222
0.14404761904761906,0.07301037868736297,0.3132752649928474,0.9292461706236201,0.6979431441717491
0.14523809523809525,0.073108673176744,0.31376393492579957,0.929163830382928,0.6975337906042027
0.14642857142857144,0.07320753786961194,0.314255439618884,0.9290807927924534,0.6971209701701652
0.14761904761904762,0.07330696723449937,0.3147497515724735,0.9289970624981391,0.6967047059668889
0.14880952380952384,0.07340695570834546,0.3152468431298747,0.9289126441846849,0.6962850212843054
0.15000000000000002,0.07350749769680741,0.3157466864788759,0.9288275425752851,0.6958619396037209
0.1511904761904762,0.07360858757457324,0.316249253653303,0.9287417624313643,0.6954354845965037
0.1523809523809524,0.07371021968567669,0.3167545165345841,0.9286553085523112,0.6950056801227593
0.15357142857142858,0.0738123883438136,0.31726244685332294,0.9285681857752094,0.6945725502299952
0.15476190476190477,0.07391508783266006,0.3177730161908805,0.9284803989745679,0.6941361191517759
0.15595238095238095,0.07401831240619226,0.31828619598096486,0.9283919530620472,0.6936964113063666
0.15714285714285717,0.07412205628900798,0.3188019575112296,0.9283028529861856,0.6932534512953676
0.15833333333333335,0.07422631367664966,0.3193202719248804,0.9282131037321212,0.692807263902337
0.15952380952380954,0.07433107873592924,0.3198411102222892,0.9281227103213137,0.6923578740914051
0.16071428571428573,0.0744363456052545,0.3203644432626172,0.9280316778112635,0.6919053070058765
0.1619047619047619,0.074542108394957,0.32089024176544495,0.9279400112952283,0.6914495879668241
0.1630952380952381,0.07464836118762161,0.3214184763124105,0.9278477159019386,0.6909907424716725
0.1642857142857143,0.07475509803841761,0.32194911734885584,0.9277547967953101,0.6905287961927707
0.1654761904761905,0.07486231297543128,0.32248213518547986,0.9276612591741557,0.6900637749759567
0.16666666666666669,0.07497000000000001,0.32301749999999996,0.9275671082718935,0.6895957048391104
0.16785714285714287,0.07507815308704797,0.3235551818388204,0.9274723493562552,0.6891246119706986
0.16904761904761906,0.07518676618542325,0.32409515061870825,0.9273769877289905,0.6886505227283096
0.17023809523809524,0.07529583321823623,0.3246373761284763,0.9272810287255707,0.6881734636371785
0.17142857142857143,0.07540534808319985,0.32518182803067386,0.9271844777148903,0.6876934613887028
0.17261904761904764,0.07551530465297078,0.3257284758632836,0.9270873400989665,0.6872105428389497
0.17380952380952383,0.07562569677549247,0.3262772890414264,0.9269896213126371,0.6867247350071526
0.17500000000000002,0.07573651827433915,0.32682823685907203,0.926891326823256,0.6862360650742004
0.1761904761904762,0.07584776294906156,0.3273812884907577,0.926792462130388,0.685744560381116
0.1773809523809524,0.07595942457553378,0.3279364129933124,0.9266930327655006,0.6852502484275265
0.17857142857142858,0.0760714969063015,0.3284935793075882,0.9265930442916546,0.6847531568701253
0.1797619047619048,0.0761839736709315,0.32905275626019814,0.9264925023031926,0.6842533135211242
0.18095238095238098,0.07629684857636264,0.3296139125652602,0.9263914124254268,0.683750746346697
0.18214285714285716,0.07641011530725778,0.3301770168261479,0.9262897803143233,0.6832454834654159
0.18333333333333335,0.07652376752635717,0.33074203753724685,0.9261876116561865,0.6827375531466771
0.18452380952380953,0.07663779887483312,0.33130894308571746,0.9260849121673399,0.6822269838091195
0.18571428571428572,0.07675220297264564,0.3318777017532638,0.9259816875938077,0.6817138040190351
0.18690476190476193,0.07686697341889948,0.332448281717908,0.9258779437109921,0.6811980424887705
0.18809523809523812,0.07698210379220222,0.33302065105577117,0.9257736863233503,0.6806797280751196
0.1892857142857143,0.07709758765102359,0.3335947777428589,0.9256689212640707,0.6801588897777108
0.1904761904761905,0.07721341853405586,0.3341706296568533,0.9255636543947455,0.6796355567373829
0.19166666666666668,0.0773295899605753,0.3347481745789105,0.925457891605043,0.6791097582345551
0.19285714285714287,0.07744609543080483,0.33532738019546277,0.9253516388123784,0.6785815236875895
0.19404761904761905,0.07756292842627768,0.3359082141000269,0.9252449019615824,0.6780508826511442
0.19523809523809527,0.07768008241020206,0.3364906437950171,0.9251376870245687,0.6775178648145201
0.19642857142857145,0.07779755082782693,0.3370746366935633,0.92503,0.6769825
0.19761904761904764,0.07791532710680871,0.33766016012133426,0.924921846912952,0.6764448181611795
0.19880952380952382,0.07803340465757902,0.33824718131836623,0.9248132338145767,0.6759048493812918
0.2,0.07815177687371339,0.33883566744089494,0.9247041667817638,0.6753626238715237
0.2011904761904762,0.0782704371323008,0.3394255855631941,0.9245946519168001,0.6748181719693261
0.2023809523809524,0.07838937879431435,0.3400169026794168,0.9244846953470293,0.6742715241367164
0.2035714285714286,0.0785085952049826,0.34060958570544314,0.9243743032245075,0.6737227109585736
0.20476190476190478,0.078628079694162,0.3412036014807303,0.9242634817256609,0.673171763140928
0.20595238095238097,0.07874782557671,0.34179891677016844,0.9241522370509384,0.6726187115092424
0.20714285714285716,0.07886782615285919,0.34239549826594007,0.9240405754244663,0.6720635870066876
0.20833333333333334,0.07898807470859201,0.34299331258938365,0.9239285030936986,0.6715064206924117
0.20952380952380956,0.0791085645160165,0.34359232629286107,0.9238160263290685,0.6709472437398019
0.21071428571428574,0.0792292888337427,0.3441925058616289,0.9237031514236373,0.6703860874347398
0.21190476190476193,0.07935024090725981,0.34479381771571394,0.9235898846927422,0.669822983173852
0.21309523809523812,0.07947141396931419,0.3453962282117915,0.9234762324736429,0.6692579624627532
0.2142857142857143,0.07959280124028781,0.3459997036450682,0.9233622011251669,0.6686910569142825
0.2154761904761905,0.07971439592857775,0.3466042102511676,0.9232477970273544,0.6681222982467362
0.21666666666666667,0.07983619123097613,0.34720971420801905,0.9231330265811005,0.667551718282092
0.2178571428571429,0.07995818033305069,0.3478161816377504,0.9230178962077977,0.6669793489442288
0.21904761904761907,0.08008035640952609,0.34842357860858325,0.9229024123489764,0.666405222257141
0.22023809523809526,0.08020271262466586,0.3490318711367316,0.9227865814659442,0.6658293703431467
0.22142857142857145,0.08032524213265473,0.34964102518830287,0.9226704100394247,0.6652518254210895
0.22261904761904763,0.08044793807798174,0.3502510066812027,0.9225539045691952,0.6646726198045372
0.22380952380952382,0.08057079359582381,0.3508617814870412,0.9224370715737223,0.6640917858999731
0.22500000000000003,0.08069380181242976,0.3514733154330429,0.9223199175897979,0.663509356204983
0.22619047619047622,0.08081695584550494,0.3520855743039583,0.9222024491721731,0.6629253633064367
0.2273809523809524,0.0809402488045963,0.3526985238439789,0.9220846728931913,0.6623398398786657
0.2285714285714286,0.08106367379147787,0.35331212975865267,0.921966595342421,0.6617528186816337
0.22976190476190478,0.08118722390053676,0.3539263577168041,0.9218482231262866,0.661164332559105
0.23095238095238096,0.08131089221915953,0.3545411733524542,0.9217295628676992,0.660574414436806
0.23214285714285715,0.08143467182811889,0.3551565422667435,0.9216106212056856,0.6599830973205831
0.23333333333333336,0.0815585558019609,0.3557724300298566,0.9214914047950173,0.6593904142945568
0.23452380952380955,0.08168253720939239,0.3563888021829486,0.921371920305838,0.6587963985192697
0.23571428571428574,0.0818066091136688,0.35700562424007315,0.92125217442329,0.6582010832298315
0.23690476190476192,0.0819307645729823,0.3576228616901116,0.9211321738471409,0.6576045017340599
0.2380952380952381,0.08205499664085018,0.3582404799987044,0.921011925291408,0.6570066874106164
0.2392857142857143,0.08217929836650342,0.3588584446101828,0.9208914354839834,0.6564076737071389
0.2404761904761905,0.08230366279527575,0.35947672094950256,0.9207707111662573,0.6558074941383711
0.2416666666666667,0.08242808296899255,0.3600952744241782,0.9206497590927402,0.6552061822842861
0.24285714285714288,0.08255255192636043,0.3607140704262186,0.9205285860306858,0.6546037717882085
0.24404761904761907,0.08267706270335641,0.3613330743340633,0.9204071987597122,0.6540002963549318
0.24523809523809526,0.08280160833361783,0.36195225151451954,0.9202856040714222,0.6533957897488324
0.24642857142857144,0.0829261818488319,0.3625715673246999,0.9201638087690238,0.652790285791981
0.24761904761904763,0.0830507762791257,0.36319098711396075,0.9200418196669493,0.6521838183622496
0.24880952380952384,0.08317538465345618,0.36381047622584073,0.919919643590474,0.6515764213914168
0.25,0.0833,0.3644299999999999,0.9197972873753342,0.6509681288632684
0.2511904761904762,0.08342461534654383,0.3650495237741592,0.9196747578673453,0.6503589748116971
0.25238095238095243,0.08354922372087431,0.3656690128860392,0.9195520619220182,0.6497489933187973
0.2535714285714286,0.08367381815116812,0.36628843267530004,0.9194292064041762,0.6491382185129588
0.2547619047619048,0.08379839166638219,0.3669077484854804,0.9193061981875702,0.6485266845669571
0.255952380952381,0.08392293729664359,0.36752692566593664,0.919183044154495,0.6479144256960416
0.2571428571428572,0.08404744807363958,0.36814592957378134,0.9190597511954037,0.6473014761560212
0.25833333333333336,0.08417191703100745,0.36876472557582185,0.9189363262085222,0.6466878702413473
0.25952380952380955,0.08429633720472428,0.36938327905049745,0.9188127760994632,0.6460736422831959
0.26071428571428573,0.08442070163349658,0.37000155538981716,0.9186891077808405,0.6454588266475458
0.2619047619047619,0.08454500335914984,0.37061952000129555,0.9185653281718811,0.6448434577332565
0.2630952380952381,0.0846692354270177,0.37123713830988836,0.9184414441980391,0.6442275699701434
0.2642857142857143,0.08479339088633121,0.3718543757599268,0.9183174627906077,0.6436111978170513
0.2654761904761905,0.08491746279060763,0.37247119781705135,0.9181933908863312,0.6429943757599268
0.2666666666666667,0.08504144419803912,0.3730875699701434,0.9180692354270177,0.6423771383098884
0.2678571428571429,0.0851653281718811,0.37370345773325647,0.9179450033591499,0.6417595200012955
0.2690476190476191,0.08528910778084048,0.37431882664754573,0.9178207016334966,0.6411415553898172
0.2702380952380953,0.08541277609946324,0.37493364228319587,0.9176963372047242,0.6405232790504974
0.27142857142857146,0.08553632620852215,0.3755478702413473,0.9175719170310075,0.6399047255758218
0.27261904761904765,0.08565975119540371,0.3761614761560212,0.9174474480736395,0.6392859295737814
0.27380952380952384,0.08578304415449507,0.37677442569604164,0.9173229372966436,0.6386669256659367
0.275,0.08590619818757025,0.37738668456695706,0.9171983916663822,0.6380477484854805
0.2761904761904762,0.0860292064041762,0.37799821851295873,0.9170738181511681,0.6374284326753001
0.2773809523809524,0.08615206192201827,0.3786089933187972,0.9169492237208743,0.6368090128860393
0.2785714285714286,0.0862747578673453,0.379218974811697,0.9168246153465438,0.6361895237741593
0.27976190476190477,0.08639728737533417,0.3798281288632684,0.9167,0.6355700000000001
0.28095238095238095,0.08651964359047393,0.38043642139141665,0.9165753846534561,0.6349504762258408
0.2821428571428572,0.08664181966694934,0.38104381836224954,0.9164507762791256,0.6343309871139609
0.2833333333333334,0.08676380876902388,0.38165028579198096,0.9163261818488319,0.6337115673247
0.28452380952380957,0.08688560407142226,0.38225578974883234,0.9162016083336179,0.6330922515145196
0.28571428571428575,0.0870071987597122,0.38286029635493174,0.9160770627033564,0.6324730743340634
0.28690476190476194,0.08712858603068584,0.38346377178820845,0.9159525519263604,0.6318540704262187
0.2880952380952381,0.08724975909274019,0.384066182284286,0.9158280829689925,0.6312352744241781
0.2892857142857143,0.08737071116625733,0.3846674941383711,0.9157036627952757,0.6306167209495026
0.2904761904761905,0.08749143548398353,0.3852676737071389,0.9155792983665034,0.6299984446101828
0.2916666666666667,0.08761192529140799,0.3858666874106162,0.9154549966408502,0.6293804799987044
0.29285714285714287,0.08773217384714081,0.3864645017340598,0.9153307645729823,0.6287628616901116
0.29404761904761906,0.08785217442328999,0.3870610832298315,0.9152066091136688,0.6281456242400731
0.29523809523809524,0.087971920305838,0.38765639851926964,0.9150825372093924,0.6275288021829486
0.29642857142857143,0.08809140479501741,0.3882504142945568,0.9149585558019608,0.6269124300298565
0.29761904761904767,0.08821062120568567,0.38884309732058314,0.9148346718281188,0.6262965422667435
0.29880952380952386,0.08832956286769922,0.38943441443680593,0.9147108922191596,0.6256811733524543
0.30000000000000004,0.08844822312628663,0.39002433255910496,0.9145872239005368,0.6250663577168041
0.30119047619047623,0.08856659534242099,0.3906128186816337,0.9144636737914779,0.6244521297586527
0.3023809523809524,0.08868467289319132,0.3911998398786656,0.9143402488045963,0.6238385238439788
0.3035714285714286,0.08880244917217309,0.3917853633064367,0.9142169558455049,0.6232255743039583
0.3047619047619048,0.08891991758979796,0.39236935620498287,0.9140938018124297,0.6226133154330429
0.305952380952381,0.08903707157372233,0.39295178589997304,0.9139707935958238,0.6220017814870413
0.30714285714285716,0.08915390456919517,0.3935326198045372,0.9138479380779817,0.6213910066812027
0.30833333333333335,0.08927041003942471,0.39411182542108947,0.9137252421326547,0.620781025188303
0.30952380952380953,0.08938658146594415,0.3946893703431466,0.9136027126246659,0.6201718711367317
0.3107142857142857,0.0895024123489764,0.39526522225714106,0.9134803564095261,0.6195635786085834
0.3119047619047619,0.0896178962077978,0.39583934894422873,0.9133581803330506,0.6189561816377505
0.31309523809523815,0.08973302658110054,0.3964117182820919,0.9132361912309761,0.618349714208019
0.31428571428571433,0.08984779702735438,0.39698229824673625,0.9131143959285777,0.6177442102511677
0.3154761904761905,0.08996220112516688,0.3975510569142825,0.9129928012402878,0.6171397036450683
0.3166666666666667,0.09007623247364283,0.3981179624627531,0.9128714139693141,0.6165362282117915
0.3178571428571429,0.09018988469274225,0.39868298317385203,0.9127502409072599,0.615933817715714
0.3190476190476191,0.09030315142363736,0.3992460874347397,0.9126292888337426,0.6153325058616289
0.32023809523809527,0.09041602632906849,0.3998072437398018,0.9125085645160165,0.6147323262928611
0.32142857142857145,0.09052850309369853,0.40036642069241174,0.912388074708592,0.6141333125893838
0.32261904761904764,0.09064057542446623,0.40092358700668757,0.9122678261528592,0.6135354982659402
0.3238095238095238,0.09075223705093845,0.40147871150924225,0.91214782557671,0.6129389167701684
0.325,0.09086348172566086,0.402031763140928,0.912028079694162,0.6123436014807304
0.3261904761904762,0.09097430322450753,0.40258271095857356,0.9119085952049826,0.6117495857054431
0.3273809523809524,0.09108469534702922,0.4031315241367164,0.9117893787943143,0.6111569026794168
0.3285714285714286,0.09119465191680017,0.4036781719693261,0.9116704371323008,0.6105655855631941
0.3297619047619048,0.09130416678176377,0.40422262387152363,0.9115517768737134,0.609975667440895
0.330952380952381,0.09141323381457676,0.4047648493812917,0.911433404657579,0.6093871813183662
0.3321428571428572,0.09152184691295204,0.4053048181611796,0.9113153271068086,0.6088001601213344
0.33333333333333337,0.09163,0.4058425,0.9111975508278269,0.6082146366935632
0.33452380952380956,0.09173768702456873,0.40637786481452015,0.911080082410202,0.6076306437950172
0.33571428571428574,0.09184490196158239,0.4069108826511441,0.9109629284262777,0.607048214100027
0.33690476190476193,0.0919516388123784,0.4074415236875894,0.9108460954308049,0.6064673801954628
0.3380952380952381,0.09205789160504302,0.407969758234555,0.9107295899605753,0.6058881745789105
0.3392857142857143,0.0921636543947455,0.4084955567373827,0.9106134185340559,0.6053106296568533
0.3404761904761905,0.09226892126407077,0.4090188897777107,0.9104975876510236,0.6047347777428589
0.3416666666666667,0.09237368632335036,0.40953972807511957,0.9103821037922022,0.6041606510557713
0.34285714285714286,0.09247794371099202,0.4100580424887703,0.9102669734188995,0.6035882817179081
0.3440476190476191,0.09258168759380775,0.4105738040190352,0.9101522029726457,0.6030177017532637
0.3452380952380953,0.09268491216733994,0.41108698380911946,0.9100377988748332,0.6024489430857175
0.3464285714285715,0.09278761165618642,0.41159755314667706,0.9099237675263572,0.6018820375372469
0.34761904761904766,0.09288978031432332,0.41210548346541587,0.9098101153072577,0.6013170168261479
0.34880952380952385,0.09299141242542679,0.412610746346697,0.9096968485763627,0.6007539125652603
0.35000000000000003,0.0930925023031926,0.413113313521124,0.9095839736709315,0.6001927562601982
0.3511904761904762,0.09319304429165455,0.4136131568701253,0.9094714969063015,0.5996335793075882
0.3523809523809524,0.09329303276550065,0.4141102484275264,0.9093594245755338,0.5990764129933124
0.3535714285714286,0.09339246213038807,0.41460456038111587,0.9092477629490615,0.5985212884907578
0.3547619047619048,0.093491326823256,0.4150960650742004,0.9091365182743392,0.597968236859072
0.35595238095238096,0.09358962131263705,0.41558473500715254,0.9090256967754925,0.5974172890414264
0.35714285714285715,0.09368734009896651,0.4160705428389496,0.9089153046529708,0.5968684758632836
0.3583333333333334,0.0937844777148903,0.4165534613887028,0.9088053480831998,0.5963218280306739
0.3595238095238096,0.0938810287255707,0.4170334636371784,0.9086958332182362,0.5957773761284764
0.36071428571428577,0.0939769877289905,0.41751052272830963,0.9085867661854232,0.5952351506187084
0.36190476190476195,0.09407234935625523,0.4179846119706986,0.9084781530870479,0.5946951818388204
0.36309523809523814,0.09416710827189351,0.4184557048391103,0.90837,0.5941575
0.3642857142857143,0.09426125917415562,0.4189237749759567,0.9082623129754313,0.5936221351854798
0.3654761904761905,0.09435479679531013,0.41938879619277075,0.9081550980384177,0.5930891173488559
0.3666666666666667,0.09444771590193858,0.41985074247167237,0.9080483611876216,0.5925584763124105
0.3678571428571429,0.09454001129522836,0.420309587966824,0.907942108394957,0.592030241765445
0.36904761904761907,0.09463167781126353,0.42076530700587633,0.9078363456052545,0.5915044432626173
0.37023809523809526,0.09472271032131371,0.4212178740914051,0.9077310787359292,0.5909811102222893
0.37142857142857144,0.09481310373212118,0.4216672639023371,0.9076263136766496,0.5904602719248804
0.3726190476190476,0.09490285298618562,0.4221134512953675,0.907522056289008,0.5899419575112297
0.37380952380952387,0.0949919530620473,0.42255641130636656,0.9074183124061923,0.5894261959809648
0.37500000000000006,0.0950803989745679,0.4229961191517758,0.90731508783266,0.5889130161908805
0.37619047619047624,0.09516818577520943,0.42343255022999515,0.9072123883438136,0.5884024468533229
0.37738095238095243,0.09525530855231112,0.4238656801227592,0.9071102196856766,0.5878945165345841
0.3785714285714286,0.09534176243136434,0.4242954845965037,0.9070085875745733,0.587389253653303
0.3797619047619048,0.09542754257528512,0.42472193960372084,0.9069074976968075,0.586886686478876
0.380952380952381,0.0955126441846849,0.4251450212843053,0.9068069557083455,0.5863868431298747
0.3821428571428572,0.09559706249813908,0.42556470596688895,0.9067069672344994,0.5858897515724736
0.38333333333333336,0.09568079279245341,0.4259809701701652,0.9066075378696119,0.5853954396188841
0.38452380952380955,0.0957638303829281,0.42639379060420274,0.906508673176744,0.5849039349257996
0.38571428571428573,0.09584617062362015,0.426803144171749,0.906410378687363,0.5844152649928475
0.3869047619047619,0.09592780890760326,0.4272090079695221,0.9063126599010335,0.5839294571610504
0.3880952380952381,0.09600874066722537,0.4276113592894922,0.9062155222851097,0.5834465386112972
0.38928571428571435,0.09608896137436447,0.42801017562015226,0.9061189712744293,0.5829665363628216
0.39047619047619053,0.09616846654068184,0.4284054346477774,0.9060230122710095,0.5824894772716904
0.3916666666666667,0.09624725171787313,0.42879711425767353,0.9059276506437448,0.5820153880293014
0.3928571428571429,0.09632531249791738,0.42918519253541454,0.9058328917281064,0.5815442951608897
0.3940476190476191,0.09640264451332349,0.42956964776806816,0.9057387408258444,0.5810762250240433
0.3952380952380953,0.09647924343737466,0.4299504584454114,0.9056452032046899,0.5806112038072293
0.39642857142857146,0.09655510498437048,0.4303276032611335,0.9055522840980614,0.5801492575283276
0.39761904761904765,0.09663022490986671,0.4307010611140281,0.9054599887047716,0.5796904120331761
0.39880952380952384,0.0967045990109127,0.43107081110917433,0.9053683221887365,0.5792346929941237
0.4,0.09677822312628663,0.431436832559105,0.9052772896786863,0.5787821259085949
0.4011904761904762,0.09685109313672825,0.43179910498496504,0.9051868962678788,0.5783327360976629
0.4023809523809524,0.09692320496516943,0.43215760811765647,0.9050971470138144,0.5778865487046325
0.4035714285714286,0.09699455457696217,0.4325123218989731,0.9050080469379527,0.5774435886936334
0.4047619047619048,0.09706513798010448,0.43286322648272224,0.9049196010254321,0.5770038808482242
0.405952380952381,0.09713495122546356,0.43321030223583545,0.9048318142247905,0.5765674497700048
0.4071428571428572,0.09720399040699691,0.43355352973946687,0.9047446914476889,0.5761343198772408
0.4083333333333334,0.09727225166197077,0.4338928897900797,0.9046582375686356,0.5757045154034963
0.40952380952380957,0.0973397311711763,0.4342283634005208,0.9045724574247149,0.5752780603962792
0.41071428571428575,0.09740642515914322,0.4345599318010826,0.9044873558153151,0.5748549787156947
0.41190476190476194,0.09747232989435109,0.43488757644055387,0.904402937501861,0.574435294033111
0.4130952380952381,0.09753744168943802,0.4352112789872571,0.9043192072075465,0.5740190298298349
0.4142857142857143,0.0976017569014071,0.43553102133007454,0.9042361696170719,0.5736062093957972
0.4154761904761905,0.09766527193183006,0.4358467855794612,0.9041538293763799,0.573196855828251
0.4166666666666667,0.09772798322704876,0.4361585540684461,0.9040721910923968,0.5727909920304779
0.41785714285714287,0.0977898872783739,0.4364663093536204,0.9039912593327746,0.5723886407105079
0.4190476190476191,0.0978509806222814,0.43677003421611377,0.9039110386256355,0.5719898243798478
0.4202380952380953,0.09791125984060615,0.4370697116625572,0.9038315334593181,0.5715945653522225
0.4214285714285715,0.09797072156073326,0.4373653249260343,0.9037527482821268,0.5712028857423265
0.42261904761904767,0.09802936245578679,0.4376568574670193,0.9036746875020826,0.5708148074645855
0.42380952380952386,0.09808717924481587,0.43794429297430215,0.9035973554866765,0.5704303522319318
0.42500000000000004,0.0981441686929782,0.43822761536590155,0.9035207565626253,0.5700495415545885
0.42619047619047623,0.09820032761172118,0.43850680878996434,0.9034448950156295,0.5696723967388665
0.4273809523809524,0.09825565285896014,0.4387818576256526,0.9033697750901333,0.5692989388859719
0.4285714285714286,0.09831014133925431,0.4390527464840179,0.9032954009890873,0.5689291888908257
0.4297619047619048,0.09836379000397988,0.4393194602088615,0.9032217768737134,0.5685631674408951
0.430952380952381,0.09841659585150064,0.4395819838775834,0.9031489068632718,0.568200895015035
0.43214285714285716,0.09846855592733589,0.43984030280201636,0.9030767950348306,0.5678423918823435
0.43333333333333335,0.09851966732432574,0.44009440252924836,0.9030054454230378,0.567487678101027
0.4345238095238096,0.09856992718279382,0.4403442688424308,0.9029348620198955,0.5671367735172778
0.4357142857142858,0.09861933269070719,0.44058988776157393,0.9028650487745364,0.5667896977641645
0.43690476190476196,0.09866788108383372,0.4408312455443293,0.9027960095930031,0.5664464702605332
0.43809523809523815,0.09871556964589678,0.44106832868675877,0.9027277483380293,0.5661071102099202
0.43928571428571433,0.0987623957087272,0.4413011239240893,0.9026602688288237,0.5657716365994792
0.4404761904761905,0.09880835665241246,0.44152961823145626,0.9025935748408568,0.5654400681989173
0.4416666666666667,0.0988534499054434,0.4417537988246307,0.9025276701056489,0.5651124235594461
0.4428571428571429,0.09889767294485804,0.4419736531607362,0.902462558310562,0.5647887210127429
0.4440476190476191,0.09894102329638273,0.4421891689389495,0.9023982430985928,0.5644689786699255
0.44523809523809527,0.09898349853457065,0.44240033410118934,0.90233472806817,0.5641532144205388
0.44642857142857145,0.09902509628293742,0.4426071368327905,0.9022720167729512,0.5638414459315539
0.44761904761904764,0.09906581421409408,0.4428095655631657,0.9022101127216261,0.5635336906463796
0.4488095238095238,0.09910565004987741,0.4430076089664523,0.9021490193777186,0.5632299657838862
0.45000000000000007,0.09914460156147728,0.4432012559621461,0.9020887401593939,0.5629302883374427
0.45119047619047625,0.09918266656956135,0.4433904957157213,0.9020292784392667,0.5626346750739657
0.45238095238095244,0.09921984294439712,0.4435753176392371,0.9019706375442132,0.5623431425329807
0.4535714285714286,0.09925612860597095,0.4437557113919294,0.9019128207551841,0.5620557070256978
0.4547619047619048,0.09929152152410453,0.4439316668807898,0.9018558313070217,0.5617723846340985
0.455952380952381,0.09932601971856846,0.4441031742611303,0.9017996723882789,0.5614931912100356
0.4571428571428572,0.09935962125919293,0.444270223937134,0.9017443471410399,0.5612181423743474
0.45833333333333337,0.09939232426597588,0.44443280656239204,0.9016898586607457,0.5609472535159821
0.45952380952380956,0.0994241269091881,0.44459091304042647,0.9016362099960201,0.5606805397911385
0.46071428571428574,0.09945502740947561,0.4447445345251991,0.9015834041484994,0.5604180161224166
0.46190476190476193,0.09948502403795918,0.4448936624216067,0.9015314440726641,0.5601596971979836
0.4630952380952381,0.09951411511633114,0.4450382883859619,0.9014803326756743,0.5599055974707516
0.4642857142857143,0.09954229901694919,0.44517840432645944,0.9014300728172062,0.5596557311575692
0.46547619047619054,0.09956957416292758,0.44531400240362995,0.9013806673092928,0.5594101122384261
0.46666666666666673,0.09959593902822521,0.44544507503077746,0.9013321189161663,0.5591687544556707
0.4678571428571429,0.09962139213773112,0.44557161487440444,0.9012844303541032,0.5589316713132413
0.4690476190476191,0.09964593206734691,0.44569361485462233,0.9012376042912728,0.5586988760759106
0.4702380952380953,0.09966955744406658,0.44581106814554705,0.9011916433475875,0.5584703817685437
0.4714285714285715,0.09969226694605317,0.4459239681756815,0.9011465500945566,0.5582462011753693
0.47261904761904766,0.09971405930271282,0.44603230862828264,0.9011023270551419,0.5580263468392638
0.47380952380952385,0.09973493329476586,0.4461360834417156,0.9010589767036172,0.5578108310610506
0.47500000000000003,0.09975488775431501,0.44623528680979224,0.9010165014654293,0.5575996658988107
0.4761904761904762,0.09977392156491065,0.4463299131820962,0.9009749037170626,0.5573928631672095
0.4773809523809524,0.09979203366161343,0.4464199572642937,0.9009341857859059,0.5571904344368344
0.4785714285714286,0.0998092230310538,0.4465054140184292,0.9008943499501226,0.5569923910335477
0.4797619047619048,0.09982548871148861,0.44658627866320777,0.9008553984385227,0.5567987440378539
0.480952380952381,0.09984082979285501,0.4466625466742627,0.9008173334304387,0.5566095042842787
0.4821428571428572,0.09985524541682142,0.4467342137844078,0.9007801570556029,0.5564246823607629
0.4833333333333334,0.09986873477683544,0.4468012759838772,0.900743871394029,0.5562442886080706
0.4845238095238096,0.09988129711816901,0.44686372952054904,0.9007084784758954,0.5560683331192102
0.48571428571428577,0.0998929317379607,0.4469215709001557,0.9006739802814315,0.5558968257388697
0.48690476190476195,0.09990363798525492,0.44697479688647884,0.900640378740807,0.555729776062866
0.48809523809523814,0.09991341526103847,0.4470234045015312,0.9006076757340241,0.555567193437608
0.4892857142857143,0.09992226301827396,0.44706739102572274,0.9005758730908119,0.5554090869595736
0.4904761904761905,0.09993018076193048,0.44710675399801264,0.9005449725905244,0.555255465474801
0.4916666666666667,0.09993716804901119,0.4471414912160475,0.9005149759620408,0.5551063375783933
0.4928571428571429,0.0999432244885783,0.44717160073628437,0.9004858848836689,0.5549617116140382
0.49404761904761907,0.09994834974177473,0.4471970808740991,0.9004577009830508,0.5548215956735405
0.49523809523809526,0.09995254352184317,0.4472179302038811,0.9004304258370724,0.55468599759637
0.4964285714285715,0.09995580559414216,0.4472341475591131,0.9004040609717748,0.5545549249692225
0.4976190476190477,0.09995813577615915,0.44724573203243584,0.9003786078622689,0.5544283851255956
0.49880952380952387,0.09995953393752076,0.44725268297569964,0.900354067932653,0.5543063851453777
0.5,0.0833,0.380995,0.9003304425559334,0.554188931854453
0.5011904761904762,0.08329906788807957,0.38098943921946155,0.9003077330539468,0.5540760318243185
0.5023809523809524,0.08329627176092158,0.3809727581223286,0.9002859406972872,0.5539676913717173
0.5035714285714287,0.08329161224428916,0.3809449604417706,0.9002650667052341,0.5538639165582844
0.5047619047619049,0.08328509038096524,0.3809060523988076,0.9002451122456849,0.5537647131902077
0.505952380952381,0.08327670763051923,0.3808560427009187,0.9002260784350894,0.5536700868179039
0.5071428571428572,0.08326646586898034,0.38079494254009333,0.9002079663383866,0.5535800427357063
0.5083333333333334,0.08325436738841772,0.3807227655903263,0.9001907769689462,0.5534945859815708
0.5095238095238096,0.0832404148964275,0.3806395280045576,0.9001745112885113,0.5534137213367922
0.5107142857142858,0.0832246115155269,0.3805452484110575,0.900159170207145,0.5533374533257374
0.511904761904762,0.08320696078245532,0.3804399479092577,0.9001447545831786,0.5532657862155922
0.5130952380952382,0.08318746664738294,0.38032365006502933,0.9001312652231646,0.5531987240161228
0.5142857142857143,0.0831661334730266,0.38019638090540886,0.9001187028818309,0.5531362704794509
0.5154761904761905,0.08314296603367345,0.3800581689127734,0.9001070682620393,0.5530784290998443
0.5166666666666667,0.08311796951411261,0.3799090450184664,0.9000963620147451,0.5530252031135212
0.5178571428571429,0.08309114950847458,0.37974904259587566,0.9000865847389615,0.5529765954984688
0.5190476190476191,0.08306251201897959,0.379578197452964,0.900077736981726,0.5529326089742772
0.5202380952380953,0.08303206345459406,0.37939654782425586,0.9000698192380695,0.5528932460019873
0.5214285714285715,0.08299981062959647,0.3792041343622804,0.9000628319509888,0.5528585087839525
0.5226190476190476,0.08296576076205227,0.3790010001284739,0.9000567755114217,0.5528283992637156
0.5238095238095238,0.08292992147219856,0.3787871905835422,0.9000516502582253,0.552802919125901
0.525,0.08289230078073863,0.37856275357728764,0.9000474564781569,0.5527820697961189
0.5261904761904762,0.08285290710704704,0.3783277393378995,0.9000441944058578,0.5527658524408869
0.5273809523809524,0.08281174926728534,0.3780822004607135,0.9000418642238408,0.5527542679675641
0.5285714285714286,0.08276883647242901,0.37782619189644173,0.9000404660624792,0.5527473170243004
0.5297619047619048,0.08272417832620622,0.3775597709388737,0.9167,0.619005
0.530952380952381,0.0826777848229484,0.3772829972120552,0.9167009321119204,0.6190105607805385
0.5321428571428571,0.08262966634535358,0.3769959326569443,0.9167037282390784,0.6190272418776714
0.5333333333333334,0.08257983366216286,0.37669864151754906,0.9167083877557108,0.6190550395582294
0.5345238095238096,0.08252829792575031,0.37639119032655,0.9167149096190348,0.6190939476011924
0.5357142857142858,0.08247507066962714,0.37607364789041065,0.9167232923694808,0.6191439572990813
0.536904761904762,0.08242016380586059,0.3757460852739785,0.9167335341310197,0.6192050574599066
0.5380952380952382,0.08236358962240793,0.37540857578458126,0.9167456326115823,0.6192772344096737
0.5392857142857144,0.08230536078036663,0.37506119495562057,0.9167595851035725,0.6193604719954424
0.5404761904761906,0.08224549031114069,0.3747040205296682,0.9167753884844732,0.6194547515889425
0.5416666666666667,0.08218399161352437,0.37433713244106764,0.9167930392175447,0.6195600520907423
0.5428571428571429,0.08212087845070354,0.3739606127980447,0.916812533352617,0.6196763499349707
0.5440476190476191,0.08205616494717553,0.37357454586433225,0.9168338665269734,0.6198036190945911
0.5452380952380953,0.08198986558558814,0.3731790180403124,0.9168570339663266,0.6199418310872267
0.5464285714285715,0.08192199520349845,0.3727741178436801,0.9168820304858873,0.6200909549815337
0.5476190476190477,0.08185256899005224,0.3723599358896333,0.9169088504915254,0.6202509574041244
0.5488095238095239,0.08178160248258472,0.37193656487059384,0.9169374879810204,0.620421802547036
0.55,0.08170911156314331,0.37150409953546293,0.916967936545406,0.6206034521757442
0.5511904761904762,0.08163511245493335,0.3710626366684169,0.9170001893704035,0.6207958656377196
0.5523809523809524,0.08155962171868732,0.3706122750672468,0.9170342392379477,0.6209989998715262
0.5535714285714286,0.08148265624895869,0.3701531155212487,0.9170700785278014,0.6212128094164577
0.5547619047619048,0.08140423327034092,0.3696852607886665,0.9171076992192614,0.6214372464227124
0.555952380952381,0.08132437033361269,0.3692088155736953,0.9171470928929529,0.6216722606621006
0.5571428571428572,0.08124308531181008,0.3687238865030494,0.9171882507327147,0.6219177995392865
0.5583333333333333,0.0811603963962267,0.3682305821020991,0.917231163527571,0.6221738081035583
0.5595238095238095,0.08107632209234246,0.3677290127705832,0.9172758216737937,0.6224402290611263
0.5607142857142857,0.08099088121568218,0.36721929075790216,0.9173222151770516,0.6227170027879447
0.5619047619047619,0.08090409288760471,0.366701530137997,0.9173703336546464,0.6230040673430557
0.5630952380952381,0.08081597653102365,0.3661758467838199,0.9174201663378372,0.6233013584824509
0.5642857142857144,0.08072655186606058,0.3656423583414022,0.9174717020742497,0.62360880967345
0.5654761904761906,0.08063583890563175,0.3651011842035258,0.9175249293303729,0.6239263521095894
0.5666666666666668,0.08054385795096929,0.3645524454830034,0.9175798361941394,0.6242539147260215
0.567857142857143,0.0804506295870778,0.36399626498557397,0.917636410377592,0.6245914242154187
0.5690476190476191,0.08035617467812761,0.36343276718241907,0.9176946392196333,0.6249388050443794
0.5702380952380953,0.08026051436278535,0.36286207818230704,0.9177545096888593,0.6252959794703318
0.5714285714285715,0.08016367004948324,0.3622843257033697,0.9178160083864756,0.6256628675589324
0.5726190476190477,0.080065663411628,0.3616996390445201,0.9178791215492965,0.6260393872019553
0.5738095238095239,0.07996651638275032,0.3611081490565158,0.9179438350528245,0.6264254541356677
0.5750000000000001,0.0798662511515963,0.36050998811267443,0.9180101344144118,0.6268209819596876
0.5761904761904763,0.07976489015716165,0.3599052900792495,0.9180780047965016,0.6272258821563199
0.5773809523809524,0.07966245608366998,0.35929419028547166,0.9181474310099478,0.6276400641103668
0.5785714285714286,0.07955897185549601,0.35867682549326213,0.9182183975174153,0.6280634351294061
0.5797619047619048,0.07945446063203539,0.3580533338666264,0.9182908884368567,0.6284959004645371
0.580952380952381,0.0793489458025215,0.35742385494073303,0.9183648875450666,0.6289373633315831
0.5821428571428572,0.0792424509807912,0.35678852959068647,0.9184403782813126,0.6293877249327532
0.5833333333333334,0.07913500000000001,0.35614749999999995,0.9185173437510413,0.6298468844787513
0.5845238095238096,0.07902661690728838,0.35550090962877495,0.918595766729659,0.6303147392113335
0.5857142857142857,0.07891732595840008,0.35484890318159557,0.9186756296663873,0.6307911844263048
0.5869047619047619,0.07880715161225377,0.35419162657514414,0.9187569146881899,0.6312761134969507
0.5880952380952381,0.07869611852546922,0.35352922690554534,0.9188396036037733,0.631769417897901
0.5892857142857143,0.07858425154684927,0.35286185241544704,0.9189236779076575,0.6322709872294168
0.5904761904761905,0.07847157571181869,0.3521896524608438,0.9190091187843178,0.6327807092420978
0.5916666666666667,0.07835811623682142,0.35151277747765186,0.9190959071123953,0.633298469862003
0.5928571428571429,0.07824389851367719,0.3508313789480417,0.9191840234689763,0.6338241532161801
0.594047619047619,0.0781289481038989,0.35014560936653727,0.9192734481339394,0.6343576416585979
0.5952380952380953,0.07801329073297206,0.34945562220588794,0.9193641610943682,0.6348988157964742
0.5964285714285715,0.07789695228459757,0.3487615718827222,0.9194561420490307,0.6354475545169966
0.5976190476190477,0.07777995879489898,0.34806361372298966,0.9195493704129222,0.6360037350144261
0.5988095238095239,0.07766233644659565,0.3473619039271993,0.9196438253218724,0.6365672328175809
0.6000000000000001,0.07754411156314331,0.34665659953546296,0.9197394856372146,0.6371379218176929
0.6011904761904763,0.07742531060284283,0.3459478583923498,0.9198363299505168,0.6377156742966303
0.6023809523809525,0.077305960152919,0.3452358391115617,0.919934336588372,0.6383003609554798
0.6035714285714286,0.0771860869235704,0.3445207010404358,0.9200334836172497,0.6388918509434842
0.6047619047619048,0.07706571774199175,0.34380260422428327,0.9201337488484037,0.6394900118873256
0.605952380952381,0.0769448795463701,0.3430817093705716,0.9202351098428383,0.6400947099207506
0.6071428571428572,0.0768235993798561,0.34235817781295896,0.92033754391633,0.6407058097145284
0.6083333333333334,0.07670190438451194,0.3416321714751885,0.920441028144504,0.6413231745067378
0.6095238095238096,0.07657982179523695,0.34090385283485,0.9205455393679646,0.6419466661333736
0.6107142857142858,0.07645737893367265,0.34017338488701815,0.9206510541974785,0.642576145059267
0.611904761904762,0.0763346032020881,0.33944093110777523,0.9207575490192088,0.6432114704093135
0.6130952380952381,0.07621152207724753,0.33870665541762496,0.920865,0.6438525
0.6142857142857143,0.07608816310426107,0.33797072214480833,0.9209733830927116,0.6444990903712251
0.6154761904761905,0.07596455389042024,0.3372332959885274,0.9210826740415999,0.6451510968184044
0.6166666666666667,0.07584072209901956,0.336494541982086,0.9211928483877463,0.6458083734248559
0.6178571428571429,0.0757166954431656,0.33575462545595613,0.9213038814745308,0.6464707730944547
0.6190476190476191,0.07559250167957492,0.3350137120007773,0.9214157484531508,0.647138147584553
0.6202380952380953,0.07546816860236213,0.3342719674302984,0.9215284242881813,0.6478103475391561
0.6214285714285714,0.0753437240368198,0.33352955774426885,0.9216418837631786,0.6484872225223481
0.6226190476190476,0.07521919583319109,0.3327866490912882,0.9217561014863228,0.6491686210519583
0.6238095238095238,0.07509461186043714,0.33204340773162355,0.9218710518961011,0.6498543906334627
0.6250000000000001,0.07497,0.33129999999999993,0.921986709267028,0.650544377794112
0.6261904761904763,0.07484538813956285,0.3305565922683764,0.9221030477154024,0.6512384281172778
0.6273809523809525,0.0747208041668089,0.32981335090871167,0.922220041205101,0.6519363862770103
0.6285714285714287,0.0745962759631802,0.32907044225573107,0.9223376635534044,0.6526380960728007
0.6297619047619049,0.07447183139763787,0.32832803256970144,0.9224558884368567,0.6533434004645371
0.630952380952381,0.07434749832042509,0.32758628799922257,0.9225746893971571,0.6540521416076501
0.6321428571428572,0.07422330455683439,0.3268453745440438,0.922694039847081,0.6547641608884383
0.6333333333333334,0.07409927790098045,0.3261054580179139,0.9228139130764296,0.6554792989595641
0.6345238095238096,0.07397544610957976,0.3253667040114725,0.9229342822580082,0.6561973957757168
0.6357142857142858,0.07385183689573893,0.3246292778551915,0.9230551204536299,0.6569182906294284
0.636904761904762,0.07372847792275246,0.32389334458237495,0.9231764006201439,0.657641822187041
0.6380952380952382,0.07360539679791189,0.3231590688922247,0.923298095615488,0.6583678285248116
0.6392857142857143,0.07348262106632736,0.3224266151129817,0.9234201782047631,0.65909614716515
0.6404761904761905,0.07336017820476304,0.32169614716514994,0.9235426210663273,0.6598266151129819
0.6416666666666667,0.07323809561548805,0.3209678285248114,0.9236653967979119,0.6605590688922247
0.6428571428571429,0.07311640062014389,0.3202418221870409,0.9237884779227524,0.661293344582375
0.6440476190476191,0.07299512045362991,0.3195182906294283,0.923911836895739,0.6620292778551917
0.6452380952380953,0.07287428225800824,0.3187973957757166,0.9240354461095798,0.6627667040114726
0.6464285714285715,0.0727539130764296,0.31807929895956405,0.9241592779009804,0.663505458017914
0.6476190476190476,0.072634039847081,0.31736416088843816,0.9242833045568344,0.6642453745440439
0.6488095238095238,0.07251468939715716,0.3166521416076501,0.9244074983204251,0.6649862879992228
0.65,0.07239588843685668,0.315943400464537,0.9245318313976378,0.6657280325697016
0.6511904761904762,0.07227766355340436,0.31523809607280057,0.9246562759631802,0.6664704422557312
0.6523809523809524,0.07216004120510103,0.31453638627701025,0.9247808041668089,0.6672133509087118
0.6535714285714286,0.07204304771540242,0.31383842811727763,0.9249053881395628,0.6679565922683764
0.6547619047619048,0.07192670926702793,0.31314437779411197,0.92503,0.6687000000000001
0.6559523809523811,0.0718110518961011,0.31245439063346264,0.9251546118604371,0.6694434077316236
0.6571428571428573,0.07169610148632281,0.3117686210519582,0.9252791958331911,0.6701866490912883
0.6583333333333334,0.07158188376317857,0.311087222522348,0.9254037240368198,0.6709295577442689
0.6595238095238096,0.07146842428818131,0.3104103475391561,0.9255281686023621,0.6716719674302986
0.6607142857142858,0.07135574845315074,0.30973814758455287,0.9256525016795749,0.6724137120007774
0.661904761904762,0.07124388147453077,0.3090707730944546,0.9257766954431657,0.6731546254559562
0.6630952380952382,0.07113284838774622,0.3084083734248558,0.9259007220990195,0.6738945419820861
0.6642857142857144,0.07102267404159991,0.3077510968184043,0.9260245538904203,0.6746332959885275
0.6654761904761906,0.07091338309271163,0.3070990903712249,0.9261481631042611,0.6753707221448084
0.6666666666666667,0.07080499999999999,0.30645249999999996,0.9262715220772475,0.676106655417625
0.6678571428571429,0.0706975490192088,0.30581147040931345,0.9263946032020881,0.6768409311077753
0.6690476190476191,0.07059105419747849,0.30517614505926693,0.9265173789336727,0.6775733848870182
0.6702380952380953,0.07048553936796462,0.3045466661333735,0.926639821795237,0.6783038528348501
0.6714285714285715,0.07038102814450399,0.3039231745067377,0.9267619043845119,0.6790321714751886
0.6726190476190477,0.07027754391633002,0.30330580971452825,0.9268835993798561,0.6797581778129591
0.6738095238095239,0.07017510984283834,0.3026947099207504,0.9270048795463701,0.6804817093705717
0.675,0.0700737488484037,0.30209001188732554,0.9271257177419918,0.6812026042242834
0.6761904761904762,0.06997348361724967,0.3014918509434841,0.9272460869235704,0.681920701040436
0.6773809523809524,0.069874336588372,0.30090036095547973,0.9273659601529189,0.6826358391115619
0.6785714285714286,0.06977632995051676,0.3003156742966302,0.9274853106028429,0.6833478583923499
0.6797619047619048,0.06967948563721466,0.2997379218176929,0.9276041115631433,0.684056599535463
0.680952380952381,0.06958382532187239,0.2991672328175808,0.9277223364465956,0.6847619039271995
0.6821428571428572,0.06948937041292219,0.29860373501442594,0.927839958794899,0.6854636137229897
0.6833333333333333,0.06939614204903072,0.2980475545169965,0.9279569522845976,0.6861615718827223
0.6845238095238095,0.06930416109436824,0.29749881579647414,0.9280732907329721,0.686855622205888
0.6857142857142857,0.06921344813393943,0.2969576416585977,0.928188948103899,0.6875456093665373
0.686904761904762,0.06912402346897634,0.29642415321618,0.9283038985136772,0.6882313789480419
0.6880952380952382,0.0690359071123953,0.29589846986200286,0.9284181162368215,0.688912777477652
0.6892857142857144,0.06894911878431782,0.2953807092420977,0.9285315757118187,0.6895896524608439
0.6904761904761906,0.06886367790765754,0.29487098722941674,0.9286442515468493,0.6902618524154471
0.6916666666666668,0.0687796036037733,0.29436941789790083,0.9287561185254692,0.6909292269055454
0.692857142857143,0.06869691468818992,0.2938761134969505,0.9288671516122537,0.6915916265751443
0.6940476190476191,0.06861562966638732,0.2933911844263046,0.9289773259584001,0.6922489031815957
0.6952380952380953,0.06853576672965908,0.2929147392113335,0.9290866169072883,0.692900909628775
0.6964285714285715,0.0684573437510413,0.2924468844787512,0.929195,0.6935475
0.6976190476190477,0.06838037828131267,0.2919877249327531,0.9293024509807912,0.6941885295906866
0.6988095238095239,0.06830488754506665,0.2915373633315831,0.9294089458025215,0.6948238549407331
0.7000000000000001,0.06823088843685668,0.291095900464537,0.9295144606320354,0.6954533338666264
0.7011904761904763,0.06815839751741529,0.29066343512940607,0.929618971855496,0.6960768254932623
0.7023809523809524,0.06808743100994777,0.29024006411036657,0.92972245608367,0.6966941902854717
0.7035714285714286,0.06801800479650155,0.2898258821563198,0.9298248901571616,0.6973052900792496
0.7047619047619048,0.06795013441441185,0.28942098195968746,0.9299262511515963,0.6979099881126745
0.705952380952381,0.06788383505282447,0.2890254541356676,0.9300265163827504,0.6985081490565159
0.7071428571428572,0.06781912154929645,0.28863938720195526,0.930125663411628,0.6990996390445203
0.7083333333333334,0.06775600838647564,0.28826286755893227,0.9302236700494833,0.6996843257033698
0.7095238095238096,0.06769450968885932,0.2878959794703317,0.9303205143627853,0.7002620781823071
0.7107142857142857,0.06763463921963338,0.2875388050443794,0.9304161746781276,0.7008327671824193
0.7119047619047619,0.06757641037759207,0.28719142421541866,0.9305106295870778,0.7013962649855741
0.7130952380952381,0.06751983619413941,0.28685391472602134,0.9306038579509692,0.7019524454830035
0.7142857142857143,0.06746492933037286,0.28652635210958927,0.9306958389056318,0.7025011842035258
0.7154761904761905,0.0674117020742497,0.2862088096734499,0.9307865518660605,0.7030423583414023
0.7166666666666668,0.06736016633783713,0.2859013584824509,0.9308759765310237,0.70357584678382
0.717857142857143,0.06731033365464642,0.2856040673430556,0.9309640928876047,0.7041015301379971
0.7190476190476192,0.06726221517705161,0.2853170027879447,0.9310508812156821,0.7046192907579023
0.7202380952380953,0.06721582167379378,0.28504022906112625,0.9311363220923424,0.7051290127705833
0.7214285714285715,0.06717116352757099,0.28477380810355823,0.9312203963962267,0.7056305821020992
0.7226190476190477,0.06712825073271468,0.28451779953928635,0.93130308531181,0.7061238865030495
0.7238095238095239,0.06708709289295296,0.2842722606621005,0.9313843703336127,0.7066088155736954
0.7250000000000001,0.06704769921926138,0.2840372464227123,0.9314642332703409,0.7070852607886665
0.7261904761904763,0.06701007852780144,0.2838128094164577,0.9315426562489587,0.7075531155212488
0.7273809523809525,0.06697423923794774,0.2835989998715261,0.9316196217186873,0.7080122750672468
0.7285714285714286,0.06694018937040355,0.28339586563771957,0.9316951124549333,0.7084626366684169
0.7297619047619048,0.06690793654540594,0.2832034521757441,0.9317691115631433,0.708904099535463
0.730952380952381,0.06687748798102042,0.2830218025470359,0.9318416024825847,0.7093365648705939
0.7321428571428572,0.06684885049152542,0.28285095740412425,0.9319125689900523,0.7097599358896334
0.7333333333333334,0.0668220304858874,0.2826909549815335,0.9319819952034984,0.7101741178436802
0.7345238095238096,0.06679703396632654,0.2825418310872266,0.9320498655855881,0.7105790180403125
0.7357142857142858,0.06677386652697341,0.2824036190945911,0.9321161649471755,0.7109745458643324
0.736904761904762,0.06675253335261706,0.2822763499349706,0.9321808784507035,0.7113606127980447
0.7380952380952381,0.06673303921754468,0.2821600520907422,0.9322439916135243,0.7117371324410677
0.7392857142857143,0.06671538848447311,0.28205475158894244,0.9323054903111407,0.7121040205296683
0.7404761904761905,0.0666995851035725,0.2819604719954424,0.9323653607803666,0.7124611949556205
0.7416666666666667,0.06668563261158228,0.2818772344096736,0.9324235896224079,0.7128085757845813
0.7428571428571429,0.06667353413101966,0.2818050574599066,0.9324801638058606,0.7131460852739786
0.7440476190476191,0.06666329236948078,0.28174395729908125,0.9325350706696272,0.7134736478904107
0.7452380952380953,0.06665490961903477,0.2816939476011924,0.9325882979257503,0.7137911903265501
0.7464285714285714,0.06664838775571084,0.28165503955822935,0.9326398336621629,0.7140986415175491
0.7476190476190477,0.06664372823907841,0.2816272418776713,0.9326896663453536,0.7143959326569445
0.7488095238095239,0.06664093211192042,0.2816105607805384,0.9327377848229483,0.7146829972120553
0.7500000000000001,0.07497000000000001,0.314735,0.9327841783262062,0.7149597709388738
0.7511904761904763,0.07504933333333334,0.3150505238095238,0.932828836472429,0.7152261918964418
0.7523809523809525,0.07512866666666668,0.31536604761904763,0.9328717492672853,0.7154822004607136
0.7535714285714287,0.075208,0.3156815714285714,0.932912907107047,0.7157277393378996
0.7547619047619049,0.07528733333333334,0.31599709523809527,0.9329523007807387,0.7159627535772877
0.755952380952381,0.07536666666666668,0.31631261904761904,0.9329899214721986,0.7161871905835423
0.7571428571428572,0.07544600000000001,0.31662814285714286,0.9330257607620522,0.716401000128474
0.7583333333333334,0.07552533333333333,0.3169436666666666,0.9330598106295964,0.7166041343622804
0.7595238095238096,0.07560466666666667,0.31725919047619044,0.9330920634545941,0.716796547824256
0.7607142857142858,0.07568400000000002,0.31757471428571427,0.9331225120189796,0.7169781974529641
0.761904761904762,0.07576333333333334,0.3178902380952381,0.9331511495084746,0.7171490425958758
0.7630952380952382,0.07584266666666667,0.3182057619047619,0.9331779695141126,0.7173090450184665
0.7642857142857143,0.075922,0.3185212857142857,0.9332029660336735,0.7174581689127735
0.7654761904761905,0.07600133333333334,0.3188368095238095,0.9332261334730266,0.7175963809054089
0.7666666666666667,0.07608066666666667,0.3191523333333333,0.9332474666473829,0.7177236500650295
0.7678571428571429,0.07616,0.31946785714285714,0.9332669607824553,0.7178399479092579
0.7690476190476191,0.07623933333333334,0.31978338095238096,0.9332846115155269,0.7179452484110576
0.7702380952380953,0.07631866666666667,0.3200989047619047,0.9333004148964275,0.7180395280045576
0.7714285714285715,0.076398,0.32041442857142854,0.9333143673884177,0.7181227655903264
0.7726190476190476,0.07647733333333334,0.32072995238095237,0.9333264658689804,0.7181949425400934
0.7738095238095238,0.07655666666666668,0.3210454761904762,0.9333367076305192,0.7182560427009188
0.775,0.076636,0.32136099999999995,0.9333450903809652,0.7183060523988076
0.7761904761904762,0.07671533333333333,0.3216765238095238,0.9333516122442892,0.7183449604417707
0.7773809523809525,0.07679466666666668,0.3219920476190476,0.9333562717609216,0.7183727581223287
0.7785714285714287,0.07687400000000001,0.3223075714285714,0.9333590678880795,0.7183894392194616
0.7797619047619049,0.07695333333333335,0.32262309523809524,0.92503,0.685265
0.7809523809523811,0.07703266666666668,0.32293861904761906,0.9249506666666667,0.6849494761904762
0.7821428571428573,0.07711200000000001,0.3232541428571429,0.9248713333333334,0.6846339523809524
0.7833333333333334,0.07719133333333333,0.32356966666666664,0.9247920000000001,0.6843184285714285
0.7845238095238096,0.07727066666666667,0.32388519047619047,0.9247126666666666,0.6840029047619047
0.7857142857142858,0.07735000000000002,0.3242007142857143,0.9246333333333333,0.6836873809523809
0.786904761904762,0.07742933333333334,0.3245162380952381,0.924554,0.6833718571428571
0.7880952380952382,0.07750866666666667,0.3248317619047619,0.9244746666666667,0.6830563333333334
0.7892857142857144,0.077588,0.3251472857142857,0.9243953333333333,0.6827408095238096
0.7904761904761906,0.07766733333333334,0.3254628095238095,0.924316,0.6824252857142857
0.7916666666666667,0.07774666666666667,0.32577833333333334,0.9242366666666667,0.6821097619047619
0.7928571428571429,0.077826,0.32609385714285716,0.9241573333333333,0.6817942380952381
0.7940476190476191,0.07790533333333334,0.3264093809523809,0.924078,0.6814787142857144
0.7952380952380953,0.07798466666666667,0.32672490476190474,0.9239986666666666,0.6811631904761906
0.7964285714285715,0.078064,0.32704042857142857,0.9239193333333333,0.6808476666666667
0.7976190476190477,0.07814333333333334,0.3273559523809524,0.92384,0.6805321428571429
0.7988095238095239,0.07822266666666668,0.32767147619047615,0.9237606666666667,0.6802166190476191
0.8,0.07830200000000001,0.327987,0.9236813333333334,0.6799010952380953
0.8011904761904762,0.07838133333333333,0.3283025238095238,0.923602,0.6795855714285715
0.8023809523809524,0.07846066666666666,0.32861804761904756,0.9235226666666667,0.6792700476190476
0.8035714285714286,0.07854000000000001,0.32893357142857144,0.9234433333333333,0.6789545238095238
0.8047619047619048,0.07861933333333333,0.3292490952380952,0.923364,0.678639
0.805952380952381,0.07869866666666667,0.329564619047619,0.9232846666666666,0.6783234761904762
0.8071428571428572,0.078778,0.32988014285714284,0.9232053333333333,0.6780079523809524
0.8083333333333335,0.07885733333333333,0.33019566666666667,0.923126,0.6776924285714285
0.8095238095238096,0.07893666666666667,0.3305111904761905,0.9230466666666667,0.6773769047619047
0.8107142857142858,0.07901600000000002,0.3308267142857143,0.9229673333333334,0.6770613809523809
0.811904761904762,0.07909533333333334,0.33114223809523813,0.9228879999999999,0.6767458571428571
0.8130952380952382,0.07917466666666667,0.3314577619047619,0.9228086666666666,0.6764303333333334
0.8142857142857144,0.079254,0.3317732857142857,0.9227293333333333,0.6761148095238095
0.8154761904761906,0.07933333333333334,0.3320888095238095,0.92265,0.6757992857142857
0.8166666666666668,0.07941266666666667,0.33240433333333336,0.9225706666666667,0.6754837619047619
0.817857142857143,0.07949200000000001,0.3327198571428571,0.9224913333333333,0.6751682380952382
0.8190476190476191,0.07957133333333334,0.33303538095238094,0.922412,0.6748527142857144
0.8202380952380953,0.07965066666666668,0.33335090476190476,0.9223326666666667,0.6745371904761905
0.8214285714285715,0.07973000000000001,0.33366642857142853,0.9222533333333334,0.6742216666666667
0.8226190476190477,0.07980933333333334,0.3339819523809524,0.922174,0.6739061428571429
0.8238095238095239,0.07988866666666668,0.3342974761904762,0.9220946666666666,0.6735906190476191
0.8250000000000001,0.07996800000000001,0.334613,0.9220153333333333,0.6732750952380953
0.8261904761904763,0.08004733333333333,0.3349285238095238,0.921936,0.6729595714285714
0.8273809523809524,0.08012666666666667,0.3352440476190476,0.9218566666666667,0.6726440476190476
0.8285714285714286,0.08020600000000001,0.3355595714285714,0.9217773333333333,0.6723285238095238
0.8297619047619048,0.08028533333333333,0.33587509523809517,0.921698,0.672013
0.830952380952381,0.08036466666666667,0.33619061904761904,0.9216186666666667,0.6716974761904762
0.8321428571428572,0.080444,0.33650614285714286,0.9215393333333334,0.6713819523809524
0.8333333333333334,0.08052333333333334,0.33682166666666663,0.92146,0.6710664285714285
0.8345238095238096,0.08060266666666667,0.33713719047619045,0.9213806666666666,0.6707509047619048
0.8357142857142857,0.080682,0.3374527142857142,0.9213013333333333,0.670435380952381
0.8369047619047619,0.08076133333333334,0.3377682380952381,0.921222,0.6701198571428572
0.8380952380952382,0.08084066666666667,0.3380837619047619,0.9211426666666667,0.6698043333333333
0.8392857142857144,0.08092,0.33839928571428574,0.9210633333333333,0.6694888095238095
0.8404761904761906,0.08099933333333334,0.3387148095238095,0.920984,0.6691732857142857
0.8416666666666668,0.08107866666666667,0.3390303333333333,0.9209046666666667,0.6688577619047619
0.842857142857143,0.08115800000000001,0.3393458571428571,0.9208253333333334,0.6685422380952382
0.8440476190476192,0.08123733333333334,0.33966138095238096,0.920746,0.6682267142857143
0.8452380952380953,0.08131666666666668,0.3399769047619048,0.9206666666666666,0.6679111904761905
0.8464285714285715,0.08139600000000001,0.34029242857142855,0.9205873333333333,0.6675956666666667
0.8476190476190477,0.08147533333333334,0.3406079523809524,0.920508,0.6672801428571429
0.8488095238095239,0.08155466666666668,0.34092347619047614,0.9204286666666667,0.6669646190476191
0.8500000000000001,0.08163400000000001,0.341239,0.9203493333333334,0.6666490952380952
0.8511904761904763,0.08171333333333333,0.34155452380952384,0.92027,0.6663335714285714
0.8523809523809525,0.08179266666666668,0.3418700476190476,0.9201906666666666,0.6660180476190476
0.8535714285714286,0.08187200000000001,0.3421855714285714,0.9201113333333333,0.6657025238095238
0.8547619047619048,0.08195133333333333,0.3425010952380952,0.920032,0.665387
0.855952380952381,0.08203066666666667,0.342816619047619,0.9199526666666666,0.6650714761904761
0.8571428571428572,0.08211,0.3431321428571429,0.9198733333333333,0.6647559523809524
0.8583333333333334,0.08218933333333335,0.34344766666666665,0.919794,0.6644404285714286
0.8595238095238096,0.08226866666666667,0.34376319047619047,0.9197146666666667,0.6641249047619049
0.8607142857142858,0.082348,0.34407871428571424,0.9196353333333334,0.663809380952381
0.861904761904762,0.08242733333333334,0.34439423809523806,0.919556,0.6634938571428571
0.8630952380952381,0.08250666666666667,0.34470976190476194,0.9194766666666667,0.6631783333333334
0.8642857142857143,0.082586,0.3450252857142857,0.9193973333333333,0.6628628095238096
0.8654761904761905,0.08266533333333334,0.3453408095238095,0.919318,0.6625472857142858
0.8666666666666667,0.08274466666666667,0.3456563333333333,0.9192386666666666,0.662231761904762
0.8678571428571429,0.08282400000000001,0.3459718571428571,0.9191593333333333,0.6619162380952381
0.8690476190476192,0.08290333333333334,0.34628738095238093,0.91908,0.6616007142857143
0.8702380952380954,0.08298266666666668,0.3466029047619048,0.9190006666666667,0.6612851904761905
0.8714285714285716,0.08306200000000001,0.34691842857142857,0.9189213333333334,0.6609696666666667
0.8726190476190477,0.08314133333333334,0.3472339523809524,0.9188419999999999,0.6606541428571429
0.8738095238095239,0.08322066666666668,0.34754947619047616,0.9187626666666666,0.660338619047619
0.8750000000000001,0.0833,0.3478649999999999,0.9186833333333333,0.6600230952380952
0.8761904761904763,0.08322066666666667,0.34754947619047616,0.918604,0.6597075714285714
0.8773809523809525,0.08314133333333333,0.34723395238095234,0.9185246666666667,0.6593920476190476
0.8785714285714287,0.083062,0.34691842857142846,0.9184453333333333,0.6590765238095239
0.8797619047619049,0.08298266666666666,0.3466029047619047,0.918366,0.6587609999999999
0.880952380952381,0.08290333333333333,0.3462873809523809,0.9182866666666667,0.6584454761904761
0.8821428571428572,0.082824,0.3459718571428571,0.9182073333333334,0.6581299523809524
0.8833333333333334,0.08274466666666666,0.3456563333333333,0.9181279999999999,0.6578144285714286
0.8845238095238096,0.08266533333333333,0.34534080952380947,0.9180486666666666,0.6574989047619049
0.8857142857142858,0.082586,0.3450252857142857,0.9179693333333333,0.657183380952381
0.886904761904762,0.08250666666666667,0.3447097619047618,0.91789,0.6568678571428571
0.8880952380952382,0.08242733333333332,0.34439423809523806,0.9178106666666667,0.6565523333333334
0.8892857142857143,0.08234799999999999,0.34407871428571424,0.9177313333333333,0.6562368095238096
0.8904761904761905,0.08226866666666667,0.3437631904761904,0.917652,0.6559212857142858
0.8916666666666667,0.08218933333333334,0.34344766666666665,0.9175726666666667,0.6556057619047619
0.8928571428571429,0.08211,0.3431321428571428,0.9174933333333333,0.6552902380952381
0.8940476190476191,0.08203066666666667,0.342816619047619,0.917414,0.6549747142857143
0.8952380952380953,0.08195133333333333,0.3425010952380952,0.9173346666666666,0.6546591904761905
0.8964285714285715,0.081872,0.34218557142857137,0.9172553333333333,0.6543436666666667
0.8976190476190476,0.08179266666666667,0.3418700476190476,0.917176,0.6540281428571428
0.8988095238095238,0.08171333333333333,0.3415545238095238,0.9170966666666667,0.653712619047619
0.9000000000000001,0.081634,0.3412389999999999,0.9170173333333334,0.6533970952380952
0.9011904761904763,0.08155466666666665,0.34092347619047614,0.916938,0.6530815714285714
0.9023809523809525,0.08147533333333333,0.3406079523809523,0.9168586666666667,0.6527660476190476
0.9035714285714287,0.081396,0.3402924285714285,0.9167793333333333,0.6524505238095238
0.9047619047619049,0.08131666666666666,0.33997690476190473,0.9167,0.6521350000000001
0.9059523809523811,0.08123733333333333,0.33966138095238085,0.9167793333333334,0.6524505238095238
0.9071428571428573,0.081158,0.3393458571428571,0.9168586666666667,0.6527660476190477
0.9083333333333334,0.08107866666666666,0.33903033333333327,0.916938,0.6530815714285716
0.9095238095238096,0.08099933333333333,0.33871480952380945,0.9170173333333334,0.6533970952380953
0.9107142857142858,0.08091999999999999,0.3383992857142857,0.9170966666666667,0.6537126190476191
0.911904761904762,0.08084066666666666,0.33808376190476186,0.917176,0.6540281428571428
0.9130952380952382,0.08076133333333332,0.3377682380952381,0.9172553333333333,0.6543436666666667
0.9142857142857144,0.08068199999999999,0.3374527142857142,0.9173346666666666,0.6546591904761905
0.9154761904761906,0.08060266666666667,0.3371371904761904,0.917414,0.6549747142857143
0.9166666666666667,0.08052333333333334,0.33682166666666663,0.9174933333333333,0.6552902380952381
0.9178571428571429,0.08044399999999999,0.3365061428571428,0.9175726666666667,0.6556057619047619
0.9190476190476191,0.08036466666666667,0.33619061904761904,0.917652,0.6559212857142858
0.9202380952380953,0.08028533333333333,0.33587509523809517,0.9177313333333333,0.6562368095238096
0.9214285714285715,0.080206,0.33555957142857135,0.9178106666666667,0.6565523333333334
0.9226190476190477,0.08012666666666667,0.3352440476190476,0.91789,0.6568678571428572
0.9238095238095239,0.08004733333333333,0.33492852380952376,0.9179693333333333,0.657183380952381
0.925,0.079968,0.334613,0.9180486666666666,0.6574989047619049
0.9261904761904762,0.07988866666666666,0.3342974761904762,0.918128,0.6578144285714287
0.9273809523809524,0.07980933333333333,0.3339819523809523,0.9182073333333334,0.6581299523809524
0.9285714285714286,0.07973000000000001,0.33366642857142853,0.9182866666666667,0.6584454761904762
0.9297619047619049,0.07965066666666666,0.3333509047619047,0.918366,0.6587610000000002
0.9309523809523811,0.07957133333333333,0.3330353809523809,0.9184453333333333,0.6590765238095239
0.9321428571428573,0.079492,0.3327198571428571,0.9185246666666667,0.6593920476190477
0.9333333333333335,0.07941266666666666,0.33240433333333325,0.918604,0.6597075714285715
0.9345238095238096,0.07933333333333333,0.3320888095238094,0.9186833333333333,0.6600230952380952
0.9357142857142858,0.07925399999999999,0.33177328571428566,0.9187626666666666,0.6603386190476191
0.936904761904762,0.07917466666666666,0.33145776190476184,0.918842,0.6606541428571429
0.9380952380952382,0.07909533333333332,0.331142238095238,0.9189213333333334,0.6609696666666667
0.9392857142857144,0.07901599999999999,0.33082671428571425,0.9190006666666667,0.6612851904761905
0.9404761904761906,0.07893666666666667,0.33051119047619043,0.91908,0.6616007142857143
0.9416666666666668,0.07885733333333333,0.3301956666666666,0.9191593333333333,0.6619162380952381
0.942857142857143,0.07877799999999999,0.3298801428571428,0.9192386666666666,0.662231761904762
0.9440476190476191,0.07869866666666667,0.32956461904761897,0.919318,0.6625472857142858
0.9452380952380953,0.07861933333333333,0.3292490952380952,0.9193973333333333,0.6628628095238096
0.9464285714285715,0.07854,0.3289335714285714,0.9194766666666667,0.6631783333333334
0.9476190476190477,0.07846066666666666,0.32861804761904756,0.919556,0.6634938571428572
0.9488095238095239,0.07838133333333333,0.32830252380952374,0.9196353333333334,0.663809380952381
0.9500000000000001,0.078302,0.3279869999999999,0.9197146666666667,0.6641249047619049
0.9511904761904763,0.07822266666666666,0.32767147619047615,0.919794,0.6644404285714287
0.9523809523809524,0.07814333333333333,0.32735595238095233,0.9198733333333333,0.6647559523809524
0.9535714285714286,0.078064,0.32704042857142857,0.9199526666666666,0.6650714761904762
0.9547619047619048,0.07798466666666666,0.3267249047619047,0.920032,0.665387
0.955952380952381,0.07790533333333333,0.3264093809523809,0.9201113333333333,0.6657025238095238
0.9571428571428572,0.07782599999999999,0.3260938571428571,0.9201906666666667,0.6660180476190477
0.9583333333333334,0.07774666666666667,0.3257783333333333,0.92027,0.6663335714285714
0.9595238095238096,0.07766733333333334,0.3254628095238095,0.9203493333333334,0.6666490952380952
0.9607142857142859,0.07758799999999999,0.32514728571428564,0.9204286666666667,0.6669646190476191
0.961904761904762,0.07750866666666666,0.3248317619047618,0.920508,0.6672801428571429
0.9630952380952382,0.07742933333333332,0.324516238095238,0.9205873333333333,0.6675956666666667
0.9642857142857144,0.07734999999999999,0.32420071428571423,0.9206666666666666,0.6679111904761905
0.9654761904761906,0.07727066666666667,0.3238851904761904,0.9207460000000001,0.6682267142857143
0.9666666666666668,0.07719133333333333,0.32356966666666664,0.9208253333333334,0.6685422380952382
0.967857142857143,0.07711199999999999,0.32325414285714277,0.9209046666666667,0.668857761904762
0.9690476190476192,0.07703266666666665,0.322938619047619,0.920984,0.6691732857142858
0.9702380952380953,0.07695333333333333,0.3226230952380952,0.9210633333333333,0.6694888095238096
0.9714285714285715,0.076874,0.32230757142857136,0.9211426666666667,0.6698043333333334
0.9726190476190477,0.07679466666666666,0.3219920476190476,0.921222,0.6701198571428573
0.9738095238095239,0.07671533333333333,0.3216765238095237,0.9213013333333333,0.6704353809523811
0.9750000000000001,0.076636,0.32136099999999995,0.9213806666666666,0.6707509047619048
0.9761904761904763,0.07655666666666666,0.32104547619047613,0.92146,0.6710664285714286
0.9773809523809525,0.07647733333333333,0.3207299523809523,0.9215393333333334,0.6713819523809524
0.9785714285714286,0.076398,0.32041442857142854,0.9216186666666667,0.6716974761904763
0.9797619047619048,0.07631866666666666,0.3200989047619047,0.921698,0.6720130000000001
0.980952380952381,0.07623933333333333,0.3197833809523809,0.9217773333333333,0.6723285238095238
0.9821428571428572,0.07615999999999999,0.3194678571428571,0.9218566666666667,0.6726440476190476
0.9833333333333334,0.07608066666666667,0.3191523333333333,0.921936,0.6729595714285714
0.9845238095238096,0.07600133333333334,0.3188368095238095,0.9220153333333333,0.6732750952380953
0.9857142857142858,0.07592199999999999,0.3185212857142857,0.9220946666666667,0.6735906190476191
0.986904761904762,0.07584266666666667,0.31820576190476185,0.922174,0.6739061428571429
0.9880952380952381,0.07576333333333334,0.31789023809523803,0.9222533333333334,0.6742216666666667
0.9892857142857143,0.075684,0.31757471428571427,0.9223326666666667,0.6745371904761905
0.9904761904761905,0.07560466666666667,0.31725919047619044,0.922412,0.6748527142857144
0.9916666666666668,0.07552533333333333,0.3169436666666666,0.9224913333333333,0.6751682380952382
0.992857142857143,0.07544599999999999,0.3166281428571428,0.9225706666666667,0.675483761904762
0.9940476190476192,0.07536666666666665,0.316312619047619,0.92265,0.6757992857142858
0.9952380952380954,0.07528733333333333,0.31599709523809516,0.9227293333333333,0.6761148095238096
0.9964285714285716,0.075208,0.3156815714285714,0.9228086666666666,0.6764303333333334
0.9976190476190477,0.07512866666666666,0.3153660476190476,0.922888,0.6767458571428573
0.9988095238095239,0.07504933333333333,0.31505052380952375,0.9229673333333334,0.677061380952381
